url,label
https://microsoft.com/docs,0
https://www.cloudflare.com/terms,0
https://booking.com/help,0
https://www.ibm.com/privacy,0
https://www.shopify.com/about,0
https://arstechnica.com/blog,0
https://www.coursera.org/privacy,0
https://www.walmart.com/,0
https://harvard.edu/download,0
https://www.cisco.com/search,0
https://netflix.com/about,0
https://www.techcrunch.com/team,0
https://www.reuters.com/privacy,0
https://www.stackoverflow.com/pricing,0
https://www.wikipedia.org/news,0
https://www.digitalocean.com/about,0
https://ebay.com/download,0
https://outlook.com/search,0
https://www.pinterest.com/services,0
https://www.espn.com/about,0
https://www.intel.com/contact,0
https://nvidia.com/docs,0
https://udemy.com/docs,0
https://www.techcrunch.com/services,0
https://www.espn.com/press,0
https://www.bing.com/search,0
https://www.nytimes.com/api,0
https://nvidia.com/press,0
https://www.salesforce.com/download,0
https://target.com/,0
https://youtube.com/,0
https://www.zoom.us/press,0
https://shopify.com/pricing,0
https://www.cnn.com/terms,0
https://wikipedia.org/support,0
https://espn.com/docs,0
https://salesforce.com/help,0
https://www.theverge.com/team,0
https://www.microsoft.com/press,0
https://reddit.com/faq,0
https://salesforce.com/search,0
https://www.wired.com/privacy,0
https://www.netflix.com/pricing,0
https://www.adobe.com/search,0
https://www.twitter.com/news,0
https://cnet.com/about,0
https://www.yahoo.com/pricing,0
https://www.ibm.com/help,0
https://paypal.com/team,0
https://www.spotify.com/api,0
https://yahoo.com/events,0
https://twitter.com/download,0
https://www.nasa.gov/,0
https://digitalocean.com/search,0
https://www.nasa.gov/api,0
https://discord.com/search,0
https://ebay.com/help,0
https://www.cisco.com/pricing,0
https://www.coursera.org/news,0
https://www.ebay.com/privacy,0
https://cisco.com/about,0
https://yahoo.com/support,0
https://stanford.edu/faq,0
https://amazon.com/contact,0
https://www.target.com/news,0
https://www.stanford.edu/resources,0
https://www.github.com/events,0
https://espn.com/events,0
https://paypal.com/services,0
https://discord.com/resources,0
https://www.paypal.com/products,0
https://www.cnet.com/team,0
https://www.bing.com/services,0
https://www.spotify.com/solutions,0
https://harvard.edu/features,0
https://www.duckduckgo.com/community,0
https://www.nytimes.com/blog,0
https://www.apple.com/,0
https://stackoverflow.com/terms,0
https://duckduckgo.com/resources,0
https://www.adobe.com/faq,0
https://www.apple.com/search,0
https://www.apple.com/faq,0
https://bing.com/events,0
https://airbnb.com/privacy,0
https://quora.com/press,0
https://medium.com/privacy,0
https://linkedin.com/careers,0
https://reuters.com/blog,0
https://nytimes.com/resources,0
https://medium.com/help,0
https://udemy.com/download,0
https://bestbuy.com/community,0
https://www.bbc.com/press,0
https://www.booking.com/services,0
https://www.bestbuy.com/contact,0
https://www.yahoo.com/terms,0
https://walmart.com/products,0
https://espn.com/careers,0
https://mit.edu/events,0
https://wikipedia.org/news,0
https://instagram.com/api,0
https://medium.com/terms,0
https://www.cnet.com/download,0
https://www.outlook.com/pricing,0
https://www.apnews.com/faq,0
https://walmart.com/news,0
https://bestbuy.com/news,0
https://twitter.com/features,0
https://www.cnet.com/solutions,0
https://www.coursera.org/download,0
https://www.arstechnica.com/team,0
https://www.booking.com/features,0
https://www.nvidia.com/services,0
https://www.pinterest.com/api,0
https://cisco.com/community,0
https://www.harvard.edu/help,0
https://www.quora.com/search,0
https://stanford.edu/download,0
https://www.wordpress.com/events,0
https://www.intel.com/community,0
https://harvard.edu/pricing,0
https://www.netflix.com/news,0
https://www.instagram.com/news,0
https://www.duckduckgo.com/team,0
https://www.ibm.com/pricing,0
https://www.dropbox.com/blog,0
https://www.outlook.com/press,0
https://cnn.com/events,0
https://instagram.com/terms,0
https://www.theguardian.com/api,0
https://arstechnica.com/help,0
https://www.google.com/team,0
https://bing.com/docs,0
https://reuters.com/api,0
https://www.linkedin.com/careers,0
https://www.reuters.com/features,0
https://twitter.com/solutions,0
https://www.cnn.com/events,0
https://www.cnet.com/faq,0
https://www.harvard.edu/terms,0
https://reuters.com/search,0
https://www.wired.com/help,0
https://www.theverge.com/community,0
https://stripe.com/services,0
https://www.theguardian.com/search,0
https://www.walmart.com/api,0
https://www.wikipedia.org/resources,0
https://www.khanacademy.org/faq,0
https://booking.com/services,0
https://www.udemy.com/pricing,0
https://apnews.com/about,0
https://digitalocean.com/services,0
https://www.duckduckgo.com/features,0
https://linkedin.com/events,0
https://wired.com/community,0
https://www.discord.com/features,0
https://bing.com/team,0
https://www.nvidia.com/events,0
https://www.reuters.com/terms,0
https://www.cisco.com/contact,0
https://paypal.com/,0
https://www.wikipedia.org/terms,0
https://www.discord.com/api,0
https://apnews.com/faq,0
https://twitch.tv/search,0
https://www.oracle.com/download,0
https://bbc.com/api,0
https://www.espn.com/search,0
https://theverge.com/download,0
https://www.oracle.com/solutions,0
https://apple.com/api,0
https://www.dropbox.com/services,0
https://netflix.com/careers,0
https://www.discord.com/download,0
https://www.yahoo.com/api,0
https://adobe.com/team,0
https://www.medium.com/,0
https://bestbuy.com/features,0
https://twitter.com/careers,0
https://www.paypal.com/services,0
https://www.bbc.com/careers,0
https://harvard.edu/contact,0
https://quora.com/pricing,0
https://github.com/privacy,0
https://www.wikipedia.org/privacy,0
https://khanacademy.org/features,0
https://www.stripe.com/help,0
https://github.com/,0
https://twitter.com/api,0
https://espn.com/about,0
https://harvard.edu/resources,0
https://cisco.com/services,0
https://www.wikipedia.org/help,0
https://zoom.us/search,0
https://www.google.com/community,0
https://www.target.com/team,0
https://intel.com/community,0
https://cisco.com/,0
https://www.yahoo.com/download,0
https://www.intel.com/help,0
https://www.instagram.com/privacy,0
https://www.medium.com/pricing,0
https://bestbuy.com/careers,0
https://www.linkedin.com/about,0
https://wordpress.com/pricing,0
https://www.facebook.com/terms,0
https://www.stackoverflow.com/terms,0
https://www.airbnb.com/blog,0
https://www.bbc.com/news,0
https://nytimes.com/products,0
https://bbc.com/search,0
https://www.quora.com/features,0
https://ibm.com/,0
https://www.digitalocean.com/press,0
https://shopify.com/news,0
https://stanford.edu/products,0
https://udemy.com/help,0
https://cisco.com/download,0
https://www.stackoverflow.com/news,0
https://digitalocean.com/support,0
https://booking.com/docs,0
https://www.nasa.gov/download,0
https://www.wired.com/products,0
https://www.bbc.com/help,0
https://www.theverge.com/news,0
https://bing.com/support,0
https://theguardian.com/press,0
https://www.bestbuy.com/products,0
https://theguardian.com/features,0
https://www.arstechnica.com/api,0
https://slack.com/faq,0
https://netflix.com/terms,0
https://www.reuters.com/news,0
https://mit.edu/resources,0
https://facebook.com/blog,0
https://www.wordpress.com/blog,0
https://stanford.edu/features,0
https://walmart.com/,0
https://www.apple.com/services,0
https://microsoft.com/help,0
https://www.mit.edu/support,0
https://www.github.com/help,0
https://oracle.com/products,0
https://outlook.com/blog,0
https://www.stripe.com/faq,0
https://walmart.com/privacy,0
https://www.slack.com/solutions,0
https://www.salesforce.com/careers,0
https://www.outlook.com/events,0
https://www.discord.com/careers,0
https://bbc.com/download,0
https://quora.com/events,0
https://microsoft.com/api,0
https://www.wikipedia.org/support,0
https://coursera.org/team,0
https://google.com/download,0
https://www.reuters.com/help,0
https://wikipedia.org/features,0
https://www.facebook.com/,0
https://www.pinterest.com/team,0
https://medium.com/careers,0
https://www.nvidia.com/search,0
https://cnn.com/news,0
https://pinterest.com/api,0
https://zoom.us/services,0
https://www.cloudflare.com/,0
https://www.cnet.com/community,0
https://www.cnet.com/,0
https://www.reuters.com/about,0
https://www.arstechnica.com/features,0
https://youtube.com/about,0
https://amazon.com/resources,0
https://nvidia.com/privacy,0
https://www.bbc.com/events,0
https://www.nvidia.com/support,0
https://bestbuy.com/help,0
https://www.theverge.com/api,0
https://paypal.com/community,0
https://www.twitch.tv/contact,0
https://www.pinterest.com/community,0
https://paypal.com/events,0
https://www.shopify.com/news,0
https://amazon.com/press,0
https://www.techcrunch.com/solutions,0
https://mit.edu/blog,0
https://reddit.com/careers,0
https://stripe.com/community,0
https://www.yahoo.com/solutions,0
https://www.airbnb.com/,0
https://target.com/news,0
https://www.ebay.com/terms,0
https://target.com/support,0
https://www.duckduckgo.com/news,0
https://www.bing.com/help,0
https://bing.com/resources,0
https://theverge.com/solutions,0
https://www.stripe.com/events,0
https://www.bing.com/,0
https://www.apple.com/resources,0
https://www.stripe.com/news,0
https://www.espn.com/team,0
https://www.theguardian.com/help,0
https://www.reuters.com/community,0
https://ibm.com/help,0
https://www.booking.com/search,0
https://intel.com/api,0
https://bbc.com/faq,0
https://www.stackoverflow.com/careers,0
https://www.bestbuy.com/solutions,0
https://apnews.com/contact,0
https://www.google.com/resources,0
https://cloudflare.com/docs,0
https://www.cnn.com/products,0
https://www.instagram.com/download,0
https://www.theverge.com/careers,0
https://www.dropbox.com/support,0
https://www.cisco.com/services,0
https://www.cloudflare.com/support,0
https://target.com/pricing,0
https://www.adobe.com/terms,0
https://khanacademy.org/faq,0
https://www.google.com/about,0
https://stripe.com/terms,0
https://www.techcrunch.com/support,0
https://github.com/team,0
https://ebay.com/community,0
https://www.apple.com/team,0
https://www.oracle.com/pricing,0
https://cnn.com/solutions,0
https://www.apnews.com/blog,0
https://salesforce.com/blog,0
https://www.bestbuy.com/community,0
https://spotify.com/pricing,0
https://google.com/,0
https://walmart.com/resources,0
https://www.shopify.com/faq,0
https://cloudflare.com/api,0
https://stanford.edu/api,0
https://reddit.com/blog,0
https://www.techcrunch.com/docs,0
https://salesforce.com/team,0
https://www.facebook.com/support,0
https://walmart.com/contact,0
https://techcrunch.com/resources,0
https://instagram.com/pricing,0
https://discord.com/services,0
https://www.harvard.edu/events,0
https://ibm.com/careers,0
https://www.reuters.com/solutions,0
https://www.google.com/solutions,0
https://cnet.com/press,0
https://www.github.com/about,0
https://paypal.com/support,0
https://www.coursera.org/pricing,0
https://www.shopify.com/features,0
https://www.booking.com/privacy,0
https://www.walmart.com/careers,0
https://target.com/blog,0
https://techcrunch.com/blog,0
https://medium.com/api,0
https://intel.com/press,0
https://www.duckduckgo.com/docs,0
https://espn.com/team,0
https://www.dropbox.com/download,0
https://zoom.us/events,0
https://walmart.com/blog,0
https://www.apple.com/support,0
https://www.bbc.com/pricing,0
https://www.spotify.com/docs,0
https://outlook.com/community,0
https://bing.com/features,0
https://nytimes.com/api,0
https://www.intel.com/press,0
https://www.netflix.com/resources,0
https://www.slack.com/blog,0
https://www.github.com/terms,0
https://www.mit.edu/terms,0
https://espn.com/solutions,0
https://www.oracle.com/,0
https://wired.com/api,0
https://duckduckgo.com/blog,0
https://cnn.com/api,0
https://khanacademy.org/community,0
https://target.com/about,0
https://www.mit.edu/pricing,0
https://www.wordpress.com/about,0
https://nvidia.com/services,0
https://www.salesforce.com/terms,0
https://booking.com/,0
https://arstechnica.com/pricing,0
https://stanford.edu/news,0
https://github.com/products,0
https://www.twitter.com/team,0
https://www.salesforce.com/docs,0
https://www.udemy.com/team,0
https://paypal.com/help,0
https://www.oracle.com/team,0
https://www.mit.edu/contact,0
https://medium.com/solutions,0
https://booking.com/community,0
https://www.slack.com/press,0
https://www.intel.com/news,0
https://www.salesforce.com/news,0
https://linkedin.com/community,0
https://www.target.com/careers,0
https://www.intel.com/team,0
https://quora.com/contact,0
https://www.theverge.com/help,0
https://www.cisco.com/community,0
https://www.discord.com/press,0
https://www.adobe.com/features,0
https://theguardian.com/events,0
https://www.wordpress.com/download,0
https://espn.com/resources,0
https://www.dropbox.com/solutions,0
https://www.cloudflare.com/pricing,0
https://www.ibm.com/blog,0
https://wordpress.com/products,0
https://facebook.com/privacy,0
https://www.wikipedia.org/team,0
https://slack.com/api,0
https://wordpress.com/contact,0
https://www.cloudflare.com/api,0
https://netflix.com/support,0
https://theverge.com/about,0
https://bestbuy.com/,0
https://www.paypal.com/,0
https://nytimes.com/help,0
https://www.salesforce.com/resources,0
https://cnet.com/search,0
https://spotify.com/about,0
https://www.cnet.com/resources,0
https://www.cnn.com/services,0
https://slack.com/help,0
https://shopify.com/contact,0
https://www.reddit.com/products,0
https://www.stackoverflow.com/blog,0
https://apple.com/team,0
https://nasa.gov/services,0
https://dropbox.com/privacy,0
https://apnews.com/pricing,0
https://www.target.com/download,0
https://netflix.com/features,0
https://nasa.gov/,0
https://www.booking.com/blog,0
https://nasa.gov/pricing,0
https://www.youtube.com/terms,0
https://www.khanacademy.org/contact,0
https://www.stackoverflow.com/search,0
https://mit.edu/,0
https://www.theverge.com/events,0
https://espn.com/pricing,0
https://youtube.com/faq,0
https://www.walmart.com/terms,0
https://www.discord.com/community,0
https://target.com/contact,0
https://nasa.gov/solutions,0
https://www.linkedin.com/contact,0
https://apple.com/careers,0
https://espn.com/,0
https://wordpress.com/,0
https://theverge.com/pricing,0
https://nvidia.com/terms,0
https://cnn.com/community,0
https://adobe.com/search,0
https://www.netflix.com/support,0
https://target.com/events,0
https://pinterest.com/products,0
https://khanacademy.org/news,0
https://www.harvard.edu/faq,0
https://www.slack.com/,0
https://www.microsoft.com/solutions,0
https://www.ebay.com/community,0
https://instagram.com/solutions,0
https://www.reddit.com/press,0
https://www.booking.com/careers,0
https://www.medium.com/resources,0
https://slack.com/features,0
https://www.outlook.com/faq,0
https://www.walmart.com/services,0
https://www.cnn.com/careers,0
https://khanacademy.org/pricing,0
https://www.udemy.com/products,0
https://www.bestbuy.com/team,0
https://udemy.com/,0
https://apnews.com/help,0
https://www.coursera.org/team,0
https://www.medium.com/terms,0
https://www.dropbox.com/team,0
https://www.discord.com/team,0
https://google.com/blog,0
https://reddit.com/press,0
https://www.khanacademy.org/team,0
https://www.twitch.tv/resources,0
https://www.techcrunch.com/about,0
https://www.microsoft.com/features,0
https://www.oracle.com/events,0
https://udemy.com/api,0
https://www.stanford.edu/download,0
https://www.instagram.com/features,0
https://harvard.edu/news,0
https://amazon.com/privacy,0
https://www.intel.com/api,0
https://reddit.com/docs,0
https://intel.com/services,0
https://nasa.gov/features,0
https://www.pinterest.com/download,0
https://google.com/faq,0
https://www.pinterest.com/features,0
https://www.pinterest.com/blog,0
https://spotify.com/contact,0
https://google.com/features,0
https://stanford.edu/events,0
https://www.theguardian.com/news,0
https://yahoo.com/help,0
https://www.mit.edu/download,0
https://www.twitter.com/help,0
https://salesforce.com/support,0
https://www.airbnb.com/careers,0
https://www.ebay.com/blog,0
https://www.zoom.us/faq,0
https://www.arstechnica.com/news,0
https://www.quora.com/faq,0
https://wikipedia.org/about,0
https://harvard.edu/team,0
https://reddit.com/help,0
https://www.ibm.com/resources,0
https://bing.com/terms,0
https://mit.edu/press,0
https://netflix.com/api,0
https://www.reddit.com/news,0
https://www.theguardian.com/about,0
https://www.microsoft.com/about,0
https://target.com/team,0
https://www.harvard.edu/news,0
https://www.apple.com/docs,0
https://reddit.com/privacy,0
https://www.arstechnica.com/press,0
https://cnet.com/products,0
https://www.yahoo.com/docs,0
https://www.stanford.edu/support,0
https://intel.com/terms,0
https://linkedin.com/about,0
https://www.reddit.com/download,0
https://coursera.org/press,0
https://cloudflare.com/search,0
https://www.cisco.com/blog,0
https://www.wordpress.com/privacy,0
https://theguardian.com/support,0
https://cloudflare.com/press,0
https://facebook.com/press,0
https://cnet.com/community,0
https://wordpress.com/terms,0
https://www.google.com/products,0
https://spotify.com/help,0
https://www.arstechnica.com/events,0
https://reddit.com/,0
https://www.airbnb.com/privacy,0
https://ibm.com/support,0
https://wikipedia.org/,0
https://mit.edu/help,0
https://quora.com/privacy,0
https://www.stripe.com/community,0
https://nytimes.com/events,0
https://nasa.gov/docs,0
https://www.zoom.us/support,0
https://yahoo.com/careers,0
https://www.ibm.com/community,0
https://coursera.org/community,0
https://www.nytimes.com/search,0
https://www.nasa.gov/services,0
https://www.mit.edu/resources,0
https://github.com/download,0
https://www.theverge.com/pricing,0
https://salesforce.com/products,0
https://www.techcrunch.com/terms,0
https://nasa.gov/press,0
https://cnet.com/docs,0
https://www.spotify.com/faq,0
https://www.udemy.com/services,0
https://adobe.com/docs,0
https://wikipedia.org/solutions,0
https://www.facebook.com/privacy,0
https://coursera.org/pricing,0
https://linkedin.com/team,0
https://www.arstechnica.com/help,0
https://linkedin.com/pricing,0
https://www.netflix.com/privacy,0
https://apple.com/solutions,0
https://www.mit.edu/faq,0
https://cnn.com/terms,0
https://www.bing.com/about,0
https://apnews.com/careers,0
https://airbnb.com/team,0
https://techcrunch.com/events,0
https://www.booking.com/events,0
https://www.spotify.com/press,0
https://www.walmart.com/events,0
https://www.twitter.com/support,0
https://www.nasa.gov/help,0
https://theverge.com/api,0
https://digitalocean.com/help,0
https://dropbox.com/services,0
https://www.nytimes.com/solutions,0
https://www.theguardian.com/resources,0
https://www.google.com/faq,0
https://facebook.com/pricing,0
https://www.airbnb.com/events,0
https://www.dropbox.com/products,0
https://www.salesforce.com/community,0
https://www.bbc.com/support,0
https://udemy.com/press,0
https://www.reddit.com/faq,0
https://dropbox.com/team,0
https://www.adobe.com/download,0
https://pinterest.com/resources,0
https://discord.com/team,0
https://www.youtube.com/resources,0
https://www.apnews.com/features,0
https://cisco.com/terms,0
https://www.target.com/products,0
https://udemy.com/resources,0
https://www.adobe.com/solutions,0
https://oracle.com/help,0
https://www.youtube.com/pricing,0
https://www.cnet.com/privacy,0
https://www.nytimes.com/contact,0
https://oracle.com/careers,0
https://youtube.com/support,0
https://www.bestbuy.com/help,0
https://twitch.tv/download,0
https://www.bing.com/pricing,0
https://arstechnica.com/solutions,0
https://www.zoom.us/pricing,0
https://apnews.com/news,0
https://www.twitch.tv/help,0
https://airbnb.com/pricing,0
https://microsoft.com/contact,0
https://www.duckduckgo.com/api,0
https://intel.com/help,0
https://techcrunch.com/privacy,0
https://www.cloudflare.com/docs,0
https://www.nytimes.com/resources,0
https://espn.com/help,0
https://www.oracle.com/resources,0
https://oracle.com/terms,0
https://nasa.gov/careers,0
https://quora.com/help,0
https://www.khanacademy.org/support,0
https://medium.com/events,0
https://target.com/resources,0
https://coursera.org/help,0
https://oracle.com/privacy,0
https://salesforce.com/news,0
https://microsoft.com/privacy,0
https://www.theverge.com/terms,0
https://youtube.com/download,0
https://www.medium.com/events,0
https://www.cloudflare.com/about,0
https://www.duckduckgo.com/careers,0
https://www.reuters.com/team,0
https://www.nasa.gov/faq,0
https://www.github.com/contact,0
https://github.com/support,0
https://www.discord.com/news,0
https://www.dropbox.com/privacy,0
https://www.theverge.com/about,0
https://www.linkedin.com/download,0
https://intel.com/privacy,0
https://spotify.com/resources,0
https://www.twitter.com/contact,0
https://www.zoom.us/solutions,0
https://www.stripe.com/privacy,0
https://linkedin.com/privacy,0
https://stanford.edu/docs,0
https://nytimes.com/services,0
https://www.reuters.com/resources,0
https://apnews.com/support,0
https://intel.com/solutions,0
https://www.instagram.com/solutions,0
https://www.linkedin.com/api,0
https://www.stackoverflow.com/team,0
https://nvidia.com/search,0
https://apple.com/services,0
https://www.twitter.com/press,0
https://www.wordpress.com/news,0
https://bing.com/community,0
https://www.yahoo.com/support,0
https://www.github.com/team,0
https://www.stackoverflow.com/resources,0
https://adobe.com/community,0
https://www.mit.edu/products,0
https://www.mit.edu/help,0
https://www.khanacademy.org/terms,0
https://www.bing.com/terms,0
https://www.wordpress.com/pricing,0
https://twitter.com/resources,0
https://www.theverge.com/faq,0
https://theguardian.com/about,0
https://www.shopify.com/docs,0
https://cnn.com/privacy,0
https://zoom.us/help,0
https://stripe.com/products,0
https://www.bbc.com/products,0
https://twitch.tv/solutions,0
https://theguardian.com/careers,0
https://bbc.com/pricing,0
https://www.reddit.com/services,0
https://netflix.com/community,0
https://www.google.com/terms,0
https://www.facebook.com/careers,0
https://www.bestbuy.com/api,0
https://www.wired.com/contact,0
https://www.amazon.com/help,0
https://mit.edu/support,0
https://www.wired.com/terms,0
https://target.com/privacy,0
https://apple.com/about,0
https://www.wired.com/faq,0
https://intel.com/news,0
https://www.bing.com/news,0
https://twitter.com/press,0
https://www.digitalocean.com/help,0
https://amazon.com/search,0
https://reddit.com/pricing,0
https://www.medium.com/news,0
https://www.zoom.us/docs,0
https://www.nvidia.com/news,0
https://www.outlook.com/careers,0
https://stackoverflow.com/events,0
https://www.techcrunch.com/download,0
https://www.theguardian.com/blog,0
https://www.target.com/search,0
https://youtube.com/docs,0
https://ebay.com/blog,0
https://www.stackoverflow.com/api,0
https://www.arstechnica.com/,0
https://www.ebay.com/pricing,0
https://www.github.com/press,0
https://nasa.gov/contact,0
https://youtube.com/services,0
https://www.paypal.com/about,0
https://www.wired.com/docs,0
https://www.wordpress.com/docs,0
https://www.paypal.com/help,0
https://salesforce.com/pricing,0
https://www.discord.com/support,0
https://wired.com/services,0
https://www.theguardian.com/pricing,0
https://stackoverflow.com/solutions,0
https://target.com/careers,0
https://www.spotify.com/team,0
https://www.nytimes.com/press,0
https://www.twitch.tv/team,0
https://cnn.com/products,0
https://wikipedia.org/press,0
https://amazon.com/news,0
https://www.netflix.com/solutions,0
https://www.youtube.com/api,0
https://amazon.com/events,0
https://bbc.com/products,0
https://oracle.com/community,0
https://www.arstechnica.com/support,0
https://wikipedia.org/team,0
https://www.adobe.com/about,0
https://www.quora.com/community,0
https://reuters.com/community,0
https://www.ebay.com/features,0
https://www.wordpress.com/press,0
https://www.shopify.com/services,0
https://wired.com/resources,0
https://target.com/download,0
https://youtube.com/resources,0
https://www.reuters.com/press,0
https://theguardian.com/docs,0
https://www.stackoverflow.com/faq,0
https://www.cnn.com/press,0
https://booking.com/blog,0
https://microsoft.com/download,0
https://stackoverflow.com/contact,0
https://target.com/terms,0
https://www.khanacademy.org/,0
https://amazon.com/download,0
https://zoom.us/press,0
https://github.com/api,0
https://www.spotify.com/,0
https://cnn.com/pricing,0
https://www.walmart.com/about,0
https://www.duckduckgo.com/press,0
https://www.google.com/blog,0
https://www.amazon.com/solutions,0
https://www.netflix.com/help,0
https://salesforce.com/about,0
https://cisco.com/contact,0
https://nytimes.com/support,0
https://harvard.edu/help,0
https://booking.com/solutions,0
https://duckduckgo.com/team,0
https://www.pinterest.com/support,0
https://facebook.com/community,0
https://wikipedia.org/terms,0
https://www.google.com/support,0
https://www.airbnb.com/faq,0
https://www.ebay.com/news,0
https://outlook.com/privacy,0
https://www.ibm.com/download,0
https://www.pinterest.com/resources,0
https://duckduckgo.com/support,0
https://www.github.com/features,0
https://www.theverge.com/products,0
https://intel.com/search,0
https://instagram.com/faq,0
https://www.harvard.edu/solutions,0
https://twitter.com/team,0
https://www.google.com/pricing,0
https://www.stanford.edu/services,0
https://www.wired.com/support,0
https://slack.com/news,0
https://nvidia.com/blog,0
https://www.twitch.tv/news,0
https://arstechnica.com/resources,0
https://www.target.com/press,0
https://www.coursera.org/about,0
https://linkedin.com/services,0
https://ibm.com/privacy,0
https://www.discord.com/help,0
https://bing.com/faq,0
https://www.digitalocean.com/terms,0
https://bbc.com/events,0
https://www.zoom.us/contact,0
https://medium.com/download,0
https://www.paypal.com/team,0
https://www.harvard.edu/careers,0
https://www.khanacademy.org/docs,0
https://www.cnn.com/news,0
https://www.digitalocean.com/,0
https://www.microsoft.com/help,0
https://www.shopify.com/solutions,0
https://www.linkedin.com/docs,0
https://coursera.org/download,0
https://www.nytimes.com/download,0
https://spotify.com/search,0
https://www.reddit.com/about,0
https://www.twitch.tv/careers,0
https://www.cnn.com/about,0
https://www.espn.com/careers,0
https://linkedin.com/press,0
https://microsoft.com/news,0
https://spotify.com/support,0
https://www.coursera.org/resources,0
https://www.udemy.com/help,0
https://paypal.com/docs,0
https://theguardian.com/api,0
https://nvidia.com/careers,0
https://nasa.gov/faq,0
https://medium.com/blog,0
https://techcrunch.com/services,0
https://www.cnn.com/faq,0
https://www.twitter.com/products,0
https://pinterest.com/faq,0
https://www.medium.com/careers,0
https://www.digitalocean.com/faq,0
https://outlook.com/events,0
https://www.arstechnica.com/search,0
https://www.duckduckgo.com/resources,0
https://microsoft.com/services,0
https://www.theguardian.com/support,0
https://www.cnn.com/features,0
https://discord.com/solutions,0
https://cisco.com/resources,0
https://www.reuters.com/events,0
https://yahoo.com/privacy,0
https://reddit.com/api,0
https://www.nytimes.com/news,0
https://www.oracle.com/services,0
https://www.ibm.com/services,0
https://pinterest.com/team,0
https://www.stanford.edu/about,0
https://www.bbc.com/terms,0
https://www.stackoverflow.com/press,0
https://duckduckgo.com/docs,0
https://www.nvidia.com/solutions,0
https://www.ebay.com/docs,0
https://stripe.com/resources,0
https://apple.com/contact,0
https://booking.com/search,0
https://techcrunch.com/search,0
https://quora.com/team,0
https://www.ebay.com/contact,0
https://www.shopify.com/careers,0
https://www.duckduckgo.com/support,0
https://outlook.com/team,0
https://nytimes.com/search,0
https://www.youtube.com/news,0
https://facebook.com/features,0
https://stackoverflow.com/api,0
https://www.shopify.com/pricing,0
https://cnn.com/blog,0
https://wired.com/about,0
https://medium.com/search,0
https://www.digitalocean.com/docs,0
https://www.linkedin.com/resources,0
https://paypal.com/privacy,0
https://www.discord.com/resources,0
https://ibm.com/products,0
https://www.slack.com/terms,0
https://udemy.com/search,0
https://reddit.com/community,0
https://www.netflix.com/,0
https://www.github.com/docs,0
https://www.netflix.com/community,0
https://www.udemy.com/blog,0
https://bbc.com/team,0
https://outlook.com/resources,0
https://adobe.com/help,0
https://booking.com/download,0
https://www.nvidia.com/faq,0
https://instagram.com/resources,0
https://www.nytimes.com/products,0
https://www.udemy.com/search,0
https://www.apple.com/privacy,0
https://www.amazon.com/,0
https://zoom.us/community,0
https://pinterest.com/blog,0
https://www.cnn.com/community,0
https://www.paypal.com/api,0
https://cnet.com/faq,0
https://facebook.com/careers,0
https://www.wikipedia.org/blog,0
https://www.cnn.com/search,0
https://wordpress.com/services,0
https://www.intel.com/features,0
https://coursera.org/contact,0
https://outlook.com/solutions,0
https://www.wikipedia.org/docs,0
https://www.bestbuy.com/pricing,0
https://www.quora.com/products,0
https://www.coursera.org/products,0
https://www.techcrunch.com/blog,0
https://dropbox.com/,0
https://www.wired.com/services,0
https://www.yahoo.com/careers,0
https://www.apnews.com/about,0
https://dropbox.com/careers,0
https://www.stripe.com/products,0
https://instagram.com/about,0
https://duckduckgo.com/news,0
https://www.outlook.com/about,0
https://www.espn.com/solutions,0
https://www.discord.com/terms,0
https://www.duckduckgo.com/help,0
https://stripe.com/support,0
https://www.khanacademy.org/api,0
https://www.stanford.edu/faq,0
https://ebay.com/press,0
https://netflix.com/news,0
https://github.com/contact,0
https://www.reddit.com/,0
https://www.shopify.com/api,0
https://cisco.com/pricing,0
https://ibm.com/about,0
https://oracle.com/press,0
https://shopify.com/privacy,0
https://www.bing.com/blog,0
https://www.yahoo.com/services,0
https://www.stackoverflow.com/about,0
https://www.ibm.com/contact,0
https://www.khanacademy.org/products,0
https://espn.com/news,0
https://www.stripe.com/press,0
https://shopify.com/download,0
https://www.intel.com/pricing,0
https://www.target.com/about,0
https://www.apnews.com/community,0
https://www.stanford.edu/careers,0
https://nvidia.com/resources,0
https://spotify.com/privacy,0
https://www.theguardian.com/faq,0
https://nvidia.com/support,0
https://github.com/faq,0
https://cisco.com/careers,0
https://ibm.com/pricing,0
https://www.facebook.com/services,0
https://www.ebay.com/team,0
https://www.youtube.com/download,0
https://intel.com/resources,0
https://www.dropbox.com/events,0
https://harvard.edu/products,0
https://www.ebay.com/faq,0
https://udemy.com/terms,0
https://microsoft.com/search,0
https://twitter.com/contact,0
https://stackoverflow.com/faq,0
https://github.com/features,0
https://www.khanacademy.org/press,0
https://khanacademy.org/press,0
https://stanford.edu/help,0
https://youtube.com/solutions,0
https://stripe.com/events,0
https://www.facebook.com/docs,0
https://www.bing.com/press,0
https://khanacademy.org/docs,0
https://intel.com/pricing,0
https://www.techcrunch.com/community,0
https://pinterest.com/contact,0
https://bing.com/services,0
https://instagram.com/,0
https://www.techcrunch.com/contact,0
https://cnet.com/api,0
https://cloudflare.com/community,0
https://stackoverflow.com/features,0
https://www.airbnb.com/search,0
https://spotify.com/download,0
https://www.youtube.com/,0
https://twitch.tv/team,0
https://mit.edu/community,0
https://www.udemy.com/about,0
https://theguardian.com/services,0
https://www.cnet.com/careers,0
https://www.dropbox.com/press,0
https://www.spotify.com/contact,0
https://www.wikipedia.org/events,0
https://cnn.com/team,0
https://www.wordpress.com/search,0
https://www.ibm.com/careers,0
https://www.outlook.com/docs,0
https://www.booking.com/faq,0
https://duckduckgo.com/terms,0
https://www.stripe.com/about,0
https://www.espn.com/faq,0
https://reddit.com/products,0
https://www.medium.com/press,0
https://nytimes.com/careers,0
https://spotify.com/events,0
https://nasa.gov/community,0
https://www.reuters.com/,0
https://www.mit.edu/docs,0
https://stripe.com/faq,0
https://airbnb.com/services,0
https://bing.com/solutions,0
https://www.paypal.com/faq,0
https://apple.com/products,0
https://www.youtube.com/contact,0
https://harvard.edu/careers,0
https://www.microsoft.com/docs,0
https://digitalocean.com/about,0
https://www.harvard.edu/press,0
https://theverge.com/,0
https://wordpress.com/events,0
https://dropbox.com/help,0
https://www.udemy.com/resources,0
https://cnn.com/features,0
https://www.espn.com/features,0
https://www.airbnb.com/news,0
https://www.facebook.com/blog,0
https://www.youtube.com/faq,0
https://www.nytimes.com/community,0
https://shopify.com/products,0
https://www.twitch.tv/support,0
https://cnet.com/team,0
https://www.youtube.com/solutions,0
https://www.wordpress.com/api,0
https://discord.com/news,0
https://cnet.com/news,0
https://www.wired.com/careers,0
https://coursera.org/docs,0
https://google.com/search,0
https://www.discord.com/events,0
https://khanacademy.org/services,0
https://www.slack.com/privacy,0
https://discord.com/press,0
https://techcrunch.com/news,0
https://wikipedia.org/products,0
https://digitalocean.com/,0
https://nytimes.com/blog,0
https://www.spotify.com/terms,0
https://www.quora.com/docs,0
https://www.stackoverflow.com/download,0
https://www.cisco.com/press,0
https://www.coursera.org/services,0
https://www.amazon.com/search,0
https://www.zoom.us/api,0
https://adobe.com/support,0
https://twitch.tv/blog,0
https://www.arstechnica.com/contact,0
https://adobe.com/download,0
https://www.wordpress.com/team,0
https://facebook.com/faq,0
https://zoom.us/features,0
https://twitch.tv/services,0
https://www.twitter.com/download,0
https://reddit.com/solutions,0
https://www.twitter.com/resources,0
https://www.apple.com/events,0
https://slack.com/events,0
https://quora.com/solutions,0
https://khanacademy.org/privacy,0
https://www.linkedin.com/team,0
https://microsoft.com/blog,0
https://wordpress.com/search,0
https://www.apple.com/press,0
https://zoom.us/pricing,0
https://www.medium.com/contact,0
https://instagram.com/news,0
https://stanford.edu/services,0
https://www.instagram.com/docs,0
https://wired.com/help,0
https://salesforce.com/,0
https://pinterest.com/features,0
https://www.coursera.org/features,0
https://discord.com/support,0
https://techcrunch.com/contact,0
https://www.discord.com/solutions,0
https://espn.com/press,0
https://bbc.com/about,0
https://cloudflare.com/news,0
https://www.microsoft.com/faq,0
https://outlook.com/faq,0
https://linkedin.com/docs,0
https://www.nasa.gov/products,0
https://walmart.com/docs,0
https://www.wired.com/community,0
https://yahoo.com/blog,0
https://harvard.edu/events,0
https://www.khanacademy.org/help,0
https://www.oracle.com/blog,0
https://www.stanford.edu/,0
https://www.target.com/pricing,0
https://www.github.com/privacy,0
https://theguardian.com/solutions,0
https://theguardian.com/faq,0
https://slack.com/download,0
https://www.wired.com/resources,0
https://shopify.com/press,0
https://slack.com/press,0
https://cloudflare.com/download,0
https://www.salesforce.com/products,0
https://pinterest.com/events,0
https://arstechnica.com/services,0
https://bbc.com/support,0
https://www.arstechnica.com/resources,0
https://ebay.com/products,0
https://nasa.gov/download,0
https://www.nytimes.com/docs,0
https://facebook.com/about,0
https://ibm.com/api,0
https://discord.com/api,0
https://www.medium.com/community,0
https://www.zoom.us/about,0
https://bbc.com/contact,0
https://www.target.com/blog,0
https://www.ibm.com/news,0
https://www.wordpress.com/help,0
https://digitalocean.com/solutions,0
https://bing.com/download,0
https://walmart.com/faq,0
https://salesforce.com/download,0
https://www.medium.com/products,0
https://coursera.org/news,0
https://outlook.com/docs,0
https://airbnb.com/about,0
https://www.mit.edu/services,0
https://mit.edu/api,0
https://www.spotify.com/resources,0
https://facebook.com/,0
https://oracle.com/faq,0
https://outlook.com/help,0
https://twitter.com/search,0
https://cloudflare.com/about,0
https://dropbox.com/api,0
https://facebook.com/search,0
https://www.mit.edu/community,0
https://bestbuy.com/press,0
https://www.nvidia.com/resources,0
https://google.com/team,0
https://www.oracle.com/community,0
https://www.cisco.com/privacy,0
https://www.theguardian.com/careers,0
https://apple.com/terms,0
https://spotify.com/terms,0
https://www.espn.com/support,0
https://udemy.com/features,0
https://oracle.com/solutions,0
https://mit.edu/terms,0
https://medium.com/services,0
https://www.apple.com/download,0
https://www.digitalocean.com/services,0
https://www.target.com/privacy,0
https://shopify.com/team,0
https://www.linkedin.com/search,0
https://www.cnet.com/api,0
https://www.espn.com/community,0
https://www.ebay.com/resources,0
https://salesforce.com/api,0
https://www.stripe.com/services,0
https://pinterest.com/careers,0
https://www.paypal.com/privacy,0
https://www.techcrunch.com/products,0
https://www.bestbuy.com/press,0
https://www.adobe.com/careers,0
https://www.salesforce.com/solutions,0
https://www.nytimes.com/services,0
https://stripe.com/features,0
https://wikipedia.org/careers,0
https://youtube.com/press,0
https://outlook.com/services,0
https://wordpress.com/press,0
https://www.github.com/services,0
https://wikipedia.org/docs,0
https://www.espn.com/events,0
https://cloudflare.com/terms,0
https://amazon.com/api,0
https://apple.com/download,0
https://arstechnica.com/docs,0
https://www.booking.com/products,0
https://www.slack.com/careers,0
https://youtube.com/community,0
https://www.outlook.com/blog,0
https://www.harvard.edu/api,0
https://www.stripe.com/docs,0
https://www.wordpress.com/features,0
https://cnet.com/solutions,0
https://www.google.com/download,0
https://mit.edu/team,0
https://www.twitch.tv/privacy,0
https://www.intel.com/faq,0
https://www.instagram.com/blog,0
https://quora.com/about,0
https://bbc.com/press,0
https://cnet.com/,0
https://www.nasa.gov/docs,0
https://bestbuy.com/solutions,0
https://duckduckgo.com/help,0
https://slack.com/terms,0
https://www.nvidia.com/api,0
https://www.quora.com/contact,0
https://twitter.com/docs,0
https://www.oracle.com/products,0
https://google.com/community,0
https://twitch.tv/careers,0
https://www.harvard.edu/search,0
https://www.spotify.com/download,0
https://yahoo.com/solutions,0
https://twitch.tv/news,0
https://www.spotify.com/about,0
https://www.coursera.org/events,0
https://medium.com/faq,0
https://www.quora.com/api,0
https://www.stanford.edu/events,0
https://ibm.com/search,0
https://dropbox.com/pricing,0
https://apnews.com/team,0
https://www.adobe.com/news,0
https://theguardian.com/help,0
https://facebook.com/products,0
https://www.bing.com/download,0
https://www.nasa.gov/press,0
https://www.facebook.com/contact,0
https://www.apnews.com/contact,0
https://www.google.com/,0
https://www.wordpress.com/terms,0
https://cisco.com/api,0
https://www.amazon.com/terms,0
https://www.microsoft.com/,0
https://www.google.com/press,0
https://apple.com/help,0
https://oracle.com/download,0
https://coursera.org/about,0
https://www.ebay.com/solutions,0
https://microsoft.com/products,0
https://www.airbnb.com/resources,0
https://www.cnn.com/solutions,0
https://theguardian.com/contact,0
https://techcrunch.com/pricing,0
https://outlook.com/careers,0
https://spotify.com/community,0
https://www.instagram.com/,0
https://reuters.com/press,0
https://www.shopify.com/help,0
https://www.wired.com/features,0
https://discord.com/blog,0
https://www.facebook.com/about,0
https://www.digitalocean.com/support,0
https://www.intel.com/download,0
https://slack.com/pricing,0
https://www.youtube.com/team,0
https://netflix.com/resources,0
https://bestbuy.com/resources,0
https://cloudflare.com/services,0
https://stackoverflow.com/community,0
https://www.reuters.com/products,0
https://www.airbnb.com/docs,0
https://www.cisco.com/features,0
https://ebay.com/services,0
https://www.theverge.com/solutions,0
https://theverge.com/search,0
https://www.cnet.com/services,0
https://cloudflare.com/blog,0
https://cnet.com/pricing,0
https://zoom.us/privacy,0
https://target.com/press,0
https://slack.com/community,0
https://www.ebay.com/search,0
https://www.apple.com/terms,0
https://airbnb.com/terms,0
https://www.duckduckgo.com/terms,0
https://www.github.com/resources,0
https://www.slack.com/search,0
https://paypal.com/contact,0
https://microsoft.com/support,0
https://www.twitch.tv/terms,0
https://www.stripe.com/support,0
https://www.zoom.us/team,0
https://www.apnews.com/privacy,0
https://www.slack.com/api,0
https://nvidia.com/community,0
https://duckduckgo.com/privacy,0
https://quora.com/faq,0
https://twitch.tv/faq,0
https://www.quora.com/,0
https://espn.com/contact,0
https://www.espn.com/products,0
https://discord.com/terms,0
https://coursera.org/services,0
https://walmart.com/features,0
https://www.spotify.com/community,0
https://www.stackoverflow.com/products,0
https://quora.com/features,0
https://www.zoom.us/products,0
https://www.reuters.com/download,0
https://wikipedia.org/pricing,0
https://www.youtube.com/events,0
https://www.wikipedia.org/community,0
https://www.harvard.edu/,0
https://techcrunch.com/docs,0
https://airbnb.com/faq,0
https://techcrunch.com/api,0
https://zoom.us/resources,0
https://slack.com/team,0
https://zoom.us/terms,0
https://khanacademy.org/about,0
https://stanford.edu/contact,0
https://www.booking.com/team,0
https://salesforce.com/events,0
https://stanford.edu/about,0
https://www.apple.com/pricing,0
https://www.ibm.com/search,0
https://theverge.com/features,0
https://target.com/community,0
https://digitalocean.com/terms,0
https://pinterest.com/pricing,0
https://www.wordpress.com/support,0
https://www.adobe.com/events,0
https://www.twitch.tv/,0
https://reddit.com/features,0
https://www.apple.com/help,0
https://www.wordpress.com/resources,0
https://www.espn.com/news,0
https://cisco.com/products,0
https://pinterest.com/about,0
https://facebook.com/contact,0
https://www.youtube.com/privacy,0
https://nytimes.com/features,0
https://reddit.com/resources,0
https://www.facebook.com/team,0
https://yahoo.com/contact,0
https://www.microsoft.com/terms,0
https://www.bbc.com/services,0
https://www.target.com/docs,0
https://www.bbc.com/api,0
https://www.dropbox.com/api,0
https://khanacademy.org/blog,0
https://www.udemy.com/solutions,0
https://www.medium.com/faq,0
https://www.twitter.com/solutions,0
https://mit.edu/services,0
https://www.duckduckgo.com/events,0
https://ebay.com/terms,0
https://www.stanford.edu/community,0
https://www.instagram.com/terms,0
https://www.adobe.com/blog,0
https://www.booking.com/news,0
https://stripe.com/,0
https://www.stripe.com/resources,0
https://reuters.com/privacy,0
https://ibm.com/community,0
https://target.com/search,0
https://spotify.com/api,0
https://intel.com/support,0
https://wordpress.com/careers,0
https://theverge.com/news,0
https://google.com/support,0
https://dropbox.com/search,0
https://www.wired.com/about,0
https://www.apnews.com/team,0
https://wordpress.com/blog,0
https://www.theguardian.com/team,0
https://booking.com/press,0
https://arstechnica.com/community,0
https://apnews.com/blog,0
https://www.udemy.com/terms,0
https://twitter.com/blog,0
https://nasa.gov/events,0
https://www.wikipedia.org/press,0
https://wired.com/support,0
https://www.facebook.com/pricing,0
https://stripe.com/pricing,0
https://cnet.com/terms,0
https://airbnb.com/download,0
https://apnews.com/api,0
https://www.ibm.com/,0
https://www.discord.com/pricing,0
https://www.cisco.com/resources,0
https://www.stackoverflow.com/contact,0
https://www.coursera.org/faq,0
https://stripe.com/download,0
https://github.com/about,0
https://www.yahoo.com/search,0
https://ibm.com/download,0
https://www.reddit.com/pricing,0
https://www.cnn.com/privacy,0
https://amazon.com/faq,0
https://linkedin.com/help,0
https://cnet.com/download,0
https://bbc.com/solutions,0
https://www.theverge.com/privacy,0
https://linkedin.com/api,0
https://www.shopify.com/terms,0
https://github.com/press,0
https://shopify.com/about,0
https://bbc.com/terms,0
https://www.instagram.com/team,0
https://www.twitter.com/docs,0
https://www.quora.com/help,0
https://www.dropbox.com/careers,0
https://reuters.com/news,0
https://oracle.com/resources,0
https://www.github.com/,0
https://harvard.edu/solutions,0
https://reuters.com/download,0
https://paypal.com/features,0
https://walmart.com/services,0
https://github.com/blog,0
https://theverge.com/contact,0
https://duckduckgo.com/contact,0
https://www.stanford.edu/terms,0
https://linkedin.com/features,0
https://www.cnet.com/search,0
https://www.shopify.com/contact,0
https://theverge.com/terms,0
https://harvard.edu/terms,0
https://paypal.com/terms,0
https://cloudflare.com/resources,0
https://www.apnews.com/careers,0
https://stanford.edu/search,0
https://www.cnet.com/terms,0
https://www.dropbox.com/faq,0
https://www.bestbuy.com/about,0
https://reuters.com/resources,0
https://www.discord.com/,0
https://www.nytimes.com/team,0
https://www.github.com/products,0
https://theguardian.com/community,0
https://www.shopify.com/resources,0
https://amazon.com/careers,0
https://www.oracle.com/features,0
https://www.bbc.com/resources,0
https://adobe.com/products,0
https://www.digitalocean.com/pricing,0
https://reddit.com/download,0
https://spotify.com/services,0
https://www.oracle.com/press,0
https://www.duckduckgo.com/about,0
https://www.linkedin.com/,0
https://www.nvidia.com/download,0
https://slack.com/solutions,0
https://cnet.com/help,0
https://www.theguardian.com/privacy,0
https://dropbox.com/products,0
https://www.stackoverflow.com/privacy,0
https://www.ibm.com/team,0
https://udemy.com/news,0
https://reuters.com/pricing,0
https://bestbuy.com/products,0
https://bing.com/api,0
https://cloudflare.com/faq,0
https://www.wikipedia.org/,0
https://quora.com/resources,0
https://cisco.com/blog,0
https://www.harvard.edu/docs,0
https://nytimes.com/solutions,0
https://www.zoom.us/,0
https://www.paypal.com/contact,0
https://www.cisco.com/help,0
https://www.amazon.com/events,0
https://walmart.com/api,0
https://twitch.tv/terms,0
https://www.medium.com/services,0
https://udemy.com/events,0
https://ibm.com/news,0
https://intel.com/docs,0
https://www.nasa.gov/privacy,0
https://www.cloudflare.com/community,0
https://www.paypal.com/terms,0
https://cloudflare.com/,0
https://www.arstechnica.com/download,0
https://www.twitch.tv/download,0
https://reuters.com/solutions,0
https://wordpress.com/privacy,0
https://cisco.com/team,0
https://arstechnica.com/download,0
https://www.paypal.com/docs,0
https://www.nasa.gov/search,0
https://www.nvidia.com/blog,0
https://www.espn.com/help,0
https://microsoft.com/,0
https://www.nvidia.com/products,0
https://cisco.com/privacy,0
https://linkedin.com/news,0
https://bbc.com/docs,0
https://www.instagram.com/support,0
https://pinterest.com/news,0
https://reuters.com/docs,0
https://www.theguardian.com/events,0
https://discord.com/products,0
https://stanford.edu/community,0
https://www.linkedin.com/privacy,0
https://stanford.edu/team,0
https://apple.com/faq,0
https://www.google.com/services,0
https://www.wordpress.com/careers,0
https://www.outlook.com/download,0
https://pinterest.com/search,0
https://www.stripe.com/solutions,0
https://github.com/services,0
https://duckduckgo.com/faq,0
https://stripe.com/search,0
https://ibm.com/terms,0
https://microsoft.com/resources,0
https://www.harvard.edu/download,0
https://www.bing.com/features,0
https://www.zoom.us/resources,0
https://www.reddit.com/help,0
https://www.facebook.com/news,0
https://twitch.tv/press,0
https://stackoverflow.com/services,0
https://www.duckduckgo.com/privacy,0
https://nvidia.com/about,0
https://dropbox.com/about,0
https://www.bbc.com/about,0
https://reuters.com/services,0
https://pinterest.com/privacy,0
https://walmart.com/terms,0
https://stripe.com/solutions,0
https://www.reuters.com/support,0
https://mit.edu/features,0
https://khanacademy.org/support,0
https://www.ebay.com/events,0
https://www.twitch.tv/solutions,0
https://oracle.com/about,0
https://www.netflix.com/events,0
https://wired.com/privacy,0
https://twitter.com/about,0
https://www.harvard.edu/pricing,0
https://wired.com/docs,0
https://www.walmart.com/help,0
https://www.cnn.com/docs,0
https://www.paypal.com/download,0
https://www.ebay.com/products,0
https://facebook.com/solutions,0
https://nasa.gov/team,0
https://yahoo.com/products,0
https://stanford.edu/privacy,0
https://www.github.com/support,0
https://www.reuters.com/docs,0
https://www.netflix.com/team,0
https://www.spotify.com/products,0
https://www.ebay.com/careers,0
https://discord.com/docs,0
https://booking.com/news,0
https://amazon.com/products,0
https://harvard.edu/about,0
https://www.spotify.com/news,0
https://theverge.com/events,0
https://www.quora.com/about,0
https://shopify.com/,0
https://theguardian.com/blog,0
https://www.salesforce.com/services,0
https://www.theverge.com/search,0
https://bing.com/search,0
https://www.instagram.com/api,0
https://www.reddit.com/api,0
https://www.dropbox.com/news,0
https://www.intel.com/solutions,0
https://www.wikipedia.org/solutions,0
https://www.apnews.com/solutions,0
https://www.cloudflare.com/events,0
https://www.digitalocean.com/search,0
https://duckduckgo.com/careers,0
https://www.yahoo.com/about,0
https://www.facebook.com/features,0
https://www.outlook.com/team,0
https://www.walmart.com/blog,0
https://www.pinterest.com/contact,0
https://www.shopify.com/team,0
https://youtube.com/pricing,0
https://www.spotify.com/search,0
https://outlook.com/api,0
https://netflix.com/contact,0
https://www.duckduckgo.com/products,0
https://booking.com/terms,0
https://www.oracle.com/terms,0
https://slack.com/about,0
https://www.digitalocean.com/privacy,0
https://techcrunch.com/features,0
https://stackoverflow.com/team,0
https://www.cnet.com/products,0
https://khanacademy.org/api,0
https://reuters.com/careers,0
https://instagram.com/services,0
https://www.target.com/support,0
https://coursera.org/privacy,0
https://espn.com/privacy,0
https://www.khanacademy.org/community,0
https://www.medium.com/team,0
https://www.oracle.com/news,0
https://yahoo.com/download,0
https://www.microsoft.com/resources,0
https://zoom.us/faq,0
https://www.espn.com/contact,0
https://spotify.com/news,0
https://www.youtube.com/services,0
https://arstechnica.com/contact,0
https://www.bestbuy.com/resources,0
https://oracle.com/news,0
https://www.wired.com/news,0
https://www.bestbuy.com/news,0
https://www.google.com/features,0
https://discord.com/contact,0
https://bestbuy.com/privacy,0
https://mit.edu/solutions,0
https://www.apple.com/about,0
https://shopify.com/resources,0
https://stanford.edu/careers,0
https://www.khanacademy.org/pricing,0
https://www.nvidia.com/careers,0
https://www.twitch.tv/press,0
https://www.nasa.gov/community,0
https://ebay.com/features,0
https://airbnb.com/community,0
https://www.google.com/api,0
https://arstechnica.com/support,0
https://www.stanford.edu/search,0
https://bestbuy.com/faq,0
https://reuters.com/team,0
https://duckduckgo.com/products,0
https://cnet.com/services,0
https://yahoo.com/about,0
https://www.techcrunch.com/press,0
https://www.digitalocean.com/products,0
https://www.shopify.com/blog,0
https://www.google.com/contact,0
https://www.pinterest.com/docs,0
https://reuters.com/faq,0
https://www.stanford.edu/team,0
https://espn.com/products,0
https://www.coursera.org/solutions,0
https://www.airbnb.com/products,0
https://digitalocean.com/events,0
https://spotify.com/blog,0
https://www.bing.com/careers,0
https://bing.com/,0
https://www.dropbox.com/terms,0
https://www.linkedin.com/features,0
https://www.booking.com/terms,0
https://harvard.edu/privacy,0
https://twitter.com/events,0
https://mit.edu/download,0
https://www.nasa.gov/contact,0
https://www.wired.com/search,0
https://www.linkedin.com/press,0
https://medium.com/press,0
https://mit.edu/search,0
https://zoom.us/docs,0
https://slack.com/products,0
https://netflix.com/services,0
https://www.yahoo.com/events,0
https://bbc.com/careers,0
https://www.bbc.com/team,0
https://www.microsoft.com/events,0
https://yahoo.com/faq,0
https://adobe.com/contact,0
https://www.reuters.com/search,0
https://www.theguardian.com/terms,0
https://www.discord.com/faq,0
https://theverge.com/products,0
https://nasa.gov/resources,0
https://shopify.com/help,0
https://zoom.us/,0
https://reuters.com/,0
https://www.coursera.org/press,0
https://www.cnet.com/help,0
https://khanacademy.org/products,0
https://www.outlook.com/privacy,0
https://dropbox.com/terms,0
https://www.apnews.com/services,0
https://nytimes.com/contact,0
https://youtube.com/careers,0
https://www.amazon.com/api,0
https://stripe.com/news,0
https://www.adobe.com/support,0
https://harvard.edu/docs,0
https://www.ebay.com/support,0
https://www.cisco.com/,0
https://www.twitter.com/,0
https://digitalocean.com/press,0
https://bbc.com/help,0
https://www.nytimes.com/,0
https://linkedin.com/blog,0
https://www.coursera.org/contact,0
https://bestbuy.com/search,0
https://www.nvidia.com/privacy,0
https://mit.edu/faq,0
https://www.microsoft.com/team,0
https://airbnb.com/events,0
https://khanacademy.org/terms,0
https://theguardian.com/terms,0
https://booking.com/products,0
https://apnews.com/services,0
https://stripe.com/api,0
https://www.github.com/careers,0
https://bestbuy.com/about,0
https://theguardian.com/team,0
https://wordpress.com/solutions,0
https://www.instagram.com/about,0
https://www.outlook.com/solutions,0
https://www.paypal.com/support,0
https://airbnb.com/news,0
https://twitch.tv/pricing,0
https://www.stanford.edu/products,0
https://bing.com/products,0
https://www.discord.com/about,0
https://oracle.com/api,0
https://ibm.com/team,0
https://wired.com/faq,0
https://www.techcrunch.com/faq,0
https://www.ibm.com/support,0
https://www.apnews.com/api,0
https://wordpress.com/news,0
https://www.bbc.com/faq,0
https://www.ibm.com/solutions,0
https://www.netflix.com/careers,0
https://www.airbnb.com/features,0
https://www.shopify.com/press,0
https://github.com/help,0
https://twitter.com/privacy,0
https://www.theguardian.com/contact,0
https://stanford.edu/,0
https://www.apple.com/blog,0
https://microsoft.com/press,0
https://www.bestbuy.com/careers,0
https://github.com/events,0
https://www.medium.com/api,0
https://theguardian.com/pricing,0
https://medium.com/support,0
https://nvidia.com/help,0
https://bestbuy.com/docs,0
https://ibm.com/resources,0
https://harvard.edu/services,0
https://coursera.org/terms,0
https://www.stanford.edu/api,0
https://www.espn.com/download,0
https://techcrunch.com/careers,0
https://www.netflix.com/docs,0
https://www.target.com/resources,0
https://cisco.com/events,0
https://bestbuy.com/team,0
https://booking.com/team,0
https://theverge.com/faq,0
https://paypal.com/blog,0
https://www.salesforce.com/pricing,0
https://www.netflix.com/api,0
https://www.youtube.com/blog,0
https://www.paypal.com/search,0
https://wikipedia.org/events,0
https://coursera.org/solutions,0
https://www.facebook.com/community,0
https://www.salesforce.com/press,0
https://www.twitch.tv/about,0
https://www.cloudflare.com/features,0
https://www.mit.edu/press,0
https://www.youtube.com/support,0
https://microsoft.com/pricing,0
https://ebay.com/pricing,0
https://www.apnews.com/download,0
https://udemy.com/blog,0
https://amazon.com/terms,0
https://www.walmart.com/docs,0
https://paypal.com/news,0
https://digitalocean.com/team,0
https://zoom.us/support,0
https://digitalocean.com/resources,0
https://www.twitch.tv/pricing,0
https://oracle.com/support,0
https://bing.com/contact,0
https://www.pinterest.com/pricing,0
https://microsoft.com/solutions,0
https://twitch.tv/,0
https://udemy.com/about,0
https://www.airbnb.com/press,0
https://ebay.com/faq,0
https://airbnb.com/careers,0
https://digitalocean.com/docs,0
https://www.arstechnica.com/products,0
https://medium.com/community,0
https://khanacademy.org/help,0
https://coursera.org/careers,0
https://www.github.com/blog,0
https://www.dropbox.com/community,0
https://www.wordpress.com/,0
https://www.cnet.com/news,0
https://www.medium.com/privacy,0
https://www.stackoverflow.com/events,0
https://wired.com/solutions,0
https://www.coursera.org/support,0
https://www.twitch.tv/services,0
https://www.github.com/solutions,0
https://netflix.com/team,0
https://www.duckduckgo.com/contact,0
https://www.espn.com/pricing,0
https://www.pinterest.com/products,0
https://www.google.com/news,0
https://cnn.com/services,0
https://intel.com/faq,0
https://discord.com/,0
https://www.github.com/news,0
https://www.discord.com/docs,0
https://www.theguardian.com/docs,0
https://outlook.com/news,0
https://medium.com/news,0
https://www.arstechnica.com/solutions,0
https://www.paypal.com/blog,0
https://shopify.com/terms,0
https://theverge.com/press,0
https://discord.com/pricing,0
https://dropbox.com/faq,0
https://www.nvidia.com/pricing,0
https://www.booking.com/contact,0
https://www.slack.com/download,0
https://www.stackoverflow.com/,0
https://youtube.com/search,0
https://www.khanacademy.org/search,0
https://reddit.com/support,0
https://slack.com/privacy,0
https://www.dropbox.com/help,0
https://techcrunch.com/download,0
https://nasa.gov/about,0
https://adobe.com/features,0
https://ebay.com/about,0
https://netflix.com/solutions,0
https://www.outlook.com/,0
https://www.paypal.com/resources,0
https://instagram.com/features,0
https://www.wikipedia.org/careers,0
https://www.udemy.com/privacy,0
https://www.theverge.com/services,0
https://stripe.com/blog,0
https://stackoverflow.com/news,0
https://www.digitalocean.com/contact,0
https://www.apple.com/news,0
https://www.reuters.com/pricing,0
https://www.slack.com/team,0
https://www.booking.com/support,0
https://duckduckgo.com/services,0
https://arstechnica.com/terms,0
https://google.com/docs,0
https://intel.com/team,0
https://www.cnn.com/download,0
https://www.nytimes.com/privacy,0
https://instagram.com/privacy,0
https://www.adobe.com/docs,0
https://shopify.com/events,0
https://www.target.com/contact,0
https://www.cloudflare.com/blog,0
https://www.arstechnica.com/services,0
https://cloudflare.com/support,0
https://www.zoom.us/search,0
https://wired.com/search,0
https://www.salesforce.com/faq,0
https://twitch.tv/help,0
https://netflix.com/privacy,0
https://www.zoom.us/careers,0
https://instagram.com/events,0
https://medium.com/docs,0
https://spotify.com/products,0
https://www.bing.com/events,0
https://www.amazon.com/about,0
https://twitch.tv/products,0
https://www.wired.com/,0
https://udemy.com/careers,0
https://www.coursera.org/,0
https://reddit.com/team,0
https://www.microsoft.com/support,0
https://www.theguardian.com/services,0
https://pinterest.com/services,0
https://apnews.com/,0
https://ibm.com/docs,0
https://www.github.com/download,0
https://theverge.com/blog,0
https://nvidia.com/products,0
https://wordpress.com/resources,0
https://www.facebook.com/resources,0
https://wired.com/press,0
https://ebay.com/support,0
https://www.duckduckgo.com/blog,0
https://theguardian.com/,0
https://www.slack.com/docs,0
https://wordpress.com/docs,0
https://shopify.com/docs,0
https://www.ebay.com/api,0
https://microsoft.com/community,0
https://www.booking.com/,0
https://wired.com/news,0
https://slack.com/services,0
https://www.cloudflare.com/solutions,0
https://facebook.com/support,0
https://www.khanacademy.org/events,0
https://www.stripe.com/search,0
https://www.intel.com/docs,0
https://wikipedia.org/download,0
https://adobe.com/terms,0
https://oracle.com/contact,0
https://www.spotify.com/careers,0
https://yahoo.com/docs,0
https://www.stanford.edu/help,0
https://digitalocean.com/products,0
https://www.twitch.tv/search,0
https://www.duckduckgo.com/services,0
https://www.espn.com/resources,0
https://amazon.com/team,0
https://www.medium.com/solutions,0
https://www.pinterest.com/search,0
https://cnet.com/events,0
https://nasa.gov/blog,0
https://www.facebook.com/help,0
https://www.dropbox.com/about,0
https://bbc.com/privacy,0
https://cnn.com/careers,0
https://paypal.com/api,0
https://twitch.tv/support,0
https://youtube.com/contact,0
https://www.walmart.com/team,0
https://www.zoom.us/services,0
https://stanford.edu/pricing,0
https://www.outlook.com/search,0
https://www.mit.edu/about,0
https://www.adobe.com/,0
https://airbnb.com/search,0
https://www.stanford.edu/features,0
https://dropbox.com/contact,0
https://khanacademy.org/solutions,0
https://nvidia.com/solutions,0
https://www.spotify.com/features,0
https://www.intel.com/,0
https://www.espn.com/,0
https://www.techcrunch.com/resources,0
https://quora.com/,0
https://amazon.com/features,0
https://booking.com/api,0
https://www.quora.com/resources,0
https://netflix.com/search,0
https://www.target.com/features,0
https://www.reddit.com/terms,0
https://reddit.com/news,0
https://theguardian.com/privacy,0
https://www.reddit.com/privacy,0
https://espn.com/blog,0
https://www.stanford.edu/docs,0
https://www.slack.com/services,0
https://www.apple.com/solutions,0
https://netflix.com/download,0
https://www.twitch.tv/events,0
https://booking.com/support,0
https://www.wired.com/download,0
https://www.pinterest.com/solutions,0
https://bing.com/privacy,0
https://www.twitter.com/community,0
https://wired.com/pricing,0
https://google.com/help,0
https://www.cnet.com/features,0
https://github.com/community,0
https://slack.com/careers,0
https://shopify.com/services,0
https://dropbox.com/press,0
https://nytimes.com/pricing,0
https://reddit.com/contact,0
https://www.quora.com/pricing,0
https://microsoft.com/features,0
https://mit.edu/pricing,0
https://www.amazon.com/support,0
https://www.arstechnica.com/pricing,0
https://www.cisco.com/products,0
https://adobe.com/,0
https://www.wired.com/team,0
https://www.youtube.com/careers,0
https://www.outlook.com/products,0
https://www.bestbuy.com/support,0
https://youtube.com/features,0
https://apple.com/pricing,0
https://www.digitalocean.com/careers,0
https://www.yahoo.com/products,0
https://target.com/docs,0
https://stanford.edu/press,0
https://www.wikipedia.org/download,0
https://discord.com/features,0
https://www.yahoo.com/news,0
https://www.reddit.com/docs,0
https://wikipedia.org/contact,0
https://nasa.gov/terms,0
https://airbnb.com/blog,0
https://bestbuy.com/terms,0
https://nytimes.com/faq,0
https://www.salesforce.com/about,0
https://linkedin.com/download,0
https://www.walmart.com/resources,0
https://www.cisco.com/api,0
https://salesforce.com/press,0
https://theverge.com/resources,0
https://www.nytimes.com/help,0
https://linkedin.com/,0
https://www.nytimes.com/terms,0
https://www.stanford.edu/privacy,0
https://wikipedia.org/services,0
https://www.stripe.com/api,0
https://intel.com/about,0
https://twitch.tv/features,0
https://www.cloudflare.com/contact,0
https://quora.com/docs,0
https://stanford.edu/support,0
https://www.spotify.com/help,0
https://www.cisco.com/news,0
https://microsoft.com/about,0
https://www.quora.com/events,0
https://wordpress.com/download,0
https://www.quora.com/blog,0
https://reddit.com/services,0
https://www.udemy.com/docs,0
https://www.ibm.com/features,0
https://oracle.com/pricing,0
https://medium.com/,0
https://www.techcrunch.com/search,0
https://dropbox.com/community,0
https://www.khanacademy.org/careers,0
https://www.intel.com/careers,0
https://www.slack.com/faq,0
https://www.techcrunch.com/,0
https://yahoo.com/news,0
https://www.ibm.com/api,0
https://ebay.com/solutions,0
https://www.cnn.com/blog,0
https://harvard.edu/community,0
https://www.yahoo.com/features,0
https://cnet.com/privacy,0
https://www.yahoo.com/help,0
https://intel.com/features,0
https://www.ibm.com/docs,0
https://www.quora.com/privacy,0
https://cnet.com/blog,0
https://digitalocean.com/faq,0
https://www.instagram.com/faq,0
https://www.khanacademy.org/services,0
https://stackoverflow.com/privacy,0
https://stackoverflow.com/search,0
https://www.bestbuy.com/docs,0
https://duckduckgo.com/api,0
https://outlook.com/about,0
https://instagram.com/press,0
https://oracle.com/services,0
https://discord.com/about,0
https://www.theverge.com/download,0
https://reddit.com/search,0
https://bbc.com/community,0
https://instagram.com/support,0
https://www.theguardian.com/features,0
https://paypal.com/resources,0
https://spotify.com/solutions,0
https://www.oracle.com/careers,0
https://cisco.com/press,0
https://www.youtube.com/products,0
https://www.quora.com/press,0
https://www.linkedin.com/solutions,0
https://twitter.com/,0
https://target.com/solutions,0
https://www.ebay.com/about,0
https://www.oracle.com/support,0
https://www.theverge.com/contact,0
https://www.cnn.com/contact,0
https://shopify.com/blog,0
https://www.cisco.com/download,0
https://slack.com/support,0
https://cisco.com/support,0
https://www.cloudflare.com/press,0
https://www.khanacademy.org/resources,0
https://www.twitter.com/faq,0
https://www.khanacademy.org/privacy,0
https://www.nasa.gov/about,0
https://www.khanacademy.org/blog,0
https://www.apnews.com/search,0
https://adobe.com/careers,0
https://wired.com/blog,0
https://www.netflix.com/blog,0
https://yahoo.com/features,0
https://www.discord.com/search,0
https://www.walmart.com/search,0
https://www.udemy.com/press,0
https://cnn.com/about,0
https://amazon.com/docs,0
https://www.salesforce.com/support,0
https://netflix.com/events,0
https://netflix.com/blog,0
https://wired.com/careers,0
https://www.udemy.com/,0
https://www.salesforce.com/events,0
https://zoom.us/products,0
https://www.theverge.com/resources,0
https://www.bbc.com/,0
https://mit.edu/contact,0
https://www.mit.edu/team,0
https://www.twitch.tv/features,0
https://www.twitch.tv/api,0
https://salesforce.com/careers,0
https://www.linkedin.com/news,0
https://facebook.com/terms,0
https://nytimes.com/team,0
https://amazon.com/solutions,0
https://discord.com/download,0
https://ebay.com/docs,0
https://www.booking.com/api,0
https://www.wordpress.com/community,0
https://www.wikipedia.org/search,0
https://theguardian.com/products,0
https://bestbuy.com/api,0
https://wordpress.com/support,0
https://walmart.com/solutions,0
https://ebay.com/search,0
https://twitter.com/community,0
https://www.salesforce.com/help,0
https://www.google.com/docs,0
https://www.outlook.com/news,0
https://wordpress.com/features,0
https://arstechnica.com/faq,0
https://www.paypal.com/events,0
https://www.dropbox.com/pricing,0
https://www.linkedin.com/community,0
https://youtube.com/api,0
https://www.dropbox.com/contact,0
https://theverge.com/docs,0
https://www.mit.edu/,0
https://stripe.com/privacy,0
https://www.facebook.com/download,0
https://oracle.com/events,0
https://dropbox.com/download,0
https://www.nytimes.com/events,0
https://udemy.com/contact,0
https://www.cloudflare.com/privacy,0
https://stanford.edu/blog,0
https://stanford.edu/resources,0
https://shopify.com/api,0
https://www.wikipedia.org/about,0
https://cnet.com/support,0
https://www.amazon.com/team,0
https://nytimes.com/community,0
https://www.linkedin.com/terms,0
https://www.outlook.com/help,0
https://techcrunch.com/support,0
https://stanford.edu/terms,0
https://www.nasa.gov/features,0
https://slack.com/resources,0
https://www.yahoo.com/,0
https://www.slack.com/resources,0
https://cnn.com/download,0
https://www.digitalocean.com/community,0
https://twitter.com/pricing,0
https://www.airbnb.com/team,0
https://spotify.com/features,0
https://www.reddit.com/contact,0
https://intel.com/blog,0
https://www.nytimes.com/support,0
https://www.wired.com/solutions,0
https://www.nasa.gov/news,0
https://slack.com/search,0
https://zoom.us/careers,0
https://google.com/about,0
https://arstechnica.com/products,0
https://www.outlook.com/features,0
https://www.outlook.com/terms,0
https://outlook.com/download,0
https://bestbuy.com/contact,0
https://www.netflix.com/about,0
https://www.nvidia.com/team,0
https://cloudflare.com/careers,0
https://www.cnet.com/about,0
https://www.wikipedia.org/features,0
https://www.discord.com/privacy,0
https://nasa.gov/privacy,0
https://www.nasa.gov/blog,0
https://quora.com/products,0
https://www.coursera.org/docs,0
https://www.ebay.com/services,0
https://www.adobe.com/api,0
https://theverge.com/support,0
https://www.target.com/solutions,0
https://espn.com/community,0
https://cloudflare.com/pricing,0
https://booking.com/about,0
https://adobe.com/faq,0
https://www.arstechnica.com/terms,0
https://reuters.com/contact,0
https://www.cnn.com/support,0
https://www.espn.com/api,0
https://apnews.com/events,0
https://www.zoom.us/download,0
https://apnews.com/terms,0
https://www.spotify.com/blog,0
https://duckduckgo.com/solutions,0
https://google.com/api,0
https://www.medium.com/blog,0
https://nasa.gov/support,0
https://stripe.com/careers,0
https://www.zoom.us/news,0
https://www.intel.com/blog,0
https://www.airbnb.com/about,0
https://wikipedia.org/privacy,0
https://www.mit.edu/features,0
https://www.bbc.com/contact,0
https://nvidia.com/contact,0
https://www.nytimes.com/about,0
https://github.com/terms,0
https://www.airbnb.com/services,0
https://wired.com/features,0
https://www.yahoo.com/community,0
https://www.facebook.com/products,0
https://www.stackoverflow.com/community,0
https://bestbuy.com/support,0
https://quora.com/search,0
https://discord.com/careers,0
https://mit.edu/products,0
https://reuters.com/help,0
https://www.mit.edu/api,0
https://www.wired.com/events,0
https://www.booking.com/about,0
https://mit.edu/about,0
https://mit.edu/docs,0
https://www.booking.com/community,0
https://www.theverge.com/features,0
https://www.digitalocean.com/events,0
https://www.bbc.com/features,0
https://intel.com/events,0
https://www.intel.com/products,0
https://www.adobe.com/help,0
https://ebay.com/contact,0
https://www.instagram.com/products,0
https://www.github.com/faq,0
https://www.duckduckgo.com/pricing,0
https://www.reddit.com/team,0
https://www.ibm.com/about,0
https://microsoft.com/careers,0
https://www.netflix.com/press,0
https://espn.com/faq,0
https://www.slack.com/community,0
https://github.com/pricing,0
https://www.stackoverflow.com/services,0
https://digitalocean.com/api,0
https://www.quora.com/support,0
https://twitch.tv/community,0
https://ibm.com/press,0
https://wired.com/team,0
https://www.nasa.gov/support,0
https://www.stackoverflow.com/docs,0
https://walmart.com/about,0
https://airbnb.com/solutions,0
https://twitch.tv/events,0
https://www.target.com/api,0
https://salesforce.com/contact,0
https://nvidia.com/download,0
https://booking.com/contact,0
https://youtube.com/team,0
https://www.twitter.com/events,0
https://www.yahoo.com/faq,0
https://www.oracle.com/contact,0
https://www.apple.com/careers,0
https://stackoverflow.com/help,0
https://www.harvard.edu/community,0
https://www.google.com/events,0
https://digitalocean.com/pricing,0
https://www.youtube.com/search,0
https://www.instagram.com/pricing,0
https://www.slack.com/events,0
https://airbnb.com/help,0
https://target.com/api,0
https://www.target.com/services,0
https://nasa.gov/help,0
https://www.cnn.com/resources,0
https://www.twitter.com/about,0
https://cisco.com/faq,0
https://www.instagram.com/press,0
https://www.udemy.com/contact,0
https://www.spotify.com/events,0
https://stackoverflow.com/careers,0
https://www.nytimes.com/faq,0
https://www.wired.com/blog,0
https://www.wired.com/press,0
https://www.cloudflare.com/services,0
https://discord.com/faq,0
https://apple.com/features,0
https://bing.com/pricing,0
https://linkedin.com/products,0
https://www.nvidia.com/features,0
https://www.duckduckgo.com/,0
https://netflix.com/pricing,0
https://www.cloudflare.com/news,0
https://zoom.us/team,0
https://www.mit.edu/news,0
https://www.airbnb.com/solutions,0
https://twitter.com/services,0
https://www.cloudflare.com/download,0
https://facebook.com/download,0
https://twitch.tv/about,0
https://www.shopify.com/events,0
https://khanacademy.org/download,0
https://www.yahoo.com/team,0
https://www.apnews.com/news,0
https://www.oracle.com/faq,0
https://stackoverflow.com/,0
https://harvard.edu/blog,0
https://booking.com/events,0
https://zoom.us/download,0
https://yahoo.com/team,0
https://www.apple.com/features,0
https://twitter.com/support,0
https://www.udemy.com/events,0
https://www.youtube.com/about,0
https://www.reddit.com/search,0
https://bing.com/news,0
https://www.shopify.com/download,0
https://facebook.com/team,0
https://intel.com/download,0
https://instagram.com/download,0
https://www.apple.com/api,0
https://www.oracle.com/docs,0
https://apnews.com/press,0
https://www.ibm.com/faq,0
https://www.slack.com/products,0
https://outlook.com/products,0
https://coursera.org/products,0
https://instagram.com/help,0
https://www.walmart.com/contact,0
https://www.pinterest.com/help,0
https://yahoo.com/pricing,0
https://airbnb.com/,0
https://www.arstechnica.com/privacy,0
https://www.arstechnica.com/docs,0
https://cloudflare.com/features,0
https://www.zoom.us/privacy,0
https://quora.com/support,0
https://www.harvard.edu/support,0
https://www.outlook.com/support,0
https://www.youtube.com/docs,0
https://nytimes.com/about,0
https://ebay.com/events,0
https://www.netflix.com/faq,0
https://digitalocean.com/download,0
https://www.yahoo.com/press,0
https://www.salesforce.com/team,0
https://duckduckgo.com/about,0
https://www.techcrunch.com/features,0
https://ibm.com/features,0
https://www.cisco.com/careers,0
https://github.com/search,0
https://netflix.com/faq,0
https://www.bestbuy.com/features,0
https://www.reuters.com/blog,0
https://target.com/products,0
https://bbc.com/features,0
https://cisco.com/search,0
https://linkedin.com/resources,0
https://duckduckgo.com/events,0
https://youtube.com/blog,0
https://outlook.com/pricing,0
https://www.nvidia.com/press,0
https://www.airbnb.com/terms,0
https://www.theverge.com/support,0
https://www.microsoft.com/blog,0
https://www.mit.edu/careers,0
https://github.com/resources,0
https://www.espn.com/blog,0
https://www.outlook.com/resources,0
https://linkedin.com/terms,0
https://www.ebay.com/help,0
https://www.nvidia.com/about,0
https://www.outlook.com/contact,0
https://www.wordpress.com/products,0
https://www.dropbox.com/resources,0
https://www.facebook.com/faq,0
https://www.intel.com/search,0
https://arstechnica.com/search,0
https://www.cloudflare.com/team,0
https://arstechnica.com/,0
https://www.target.com/help,0
https://discord.com/privacy,0
https://zoom.us/news,0
https://www.discord.com/contact,0
https://www.udemy.com/news,0
https://airbnb.com/resources,0
https://www.discord.com/products,0
https://www.salesforce.com/,0
https://espn.com/terms,0
https://pinterest.com/docs,0
https://shopify.com/community,0
https://udemy.com/support,0
https://cisco.com/help,0
https://outlook.com/,0
https://www.nasa.gov/careers,0
https://walmart.com/press,0
https://quora.com/news,0
https://cnn.com/,0
https://www.nasa.gov/resources,0
https://www.apnews.com/events,0
https://cisco.com/solutions,0
https://www.walmart.com/pricing,0
https://www.slack.com/contact,0
https://quora.com/terms,0
https://www.cisco.com/support,0
https://wired.com/contact,0
https://google.com/pricing,0
https://www.techcrunch.com/privacy,0
https://www.airbnb.com/pricing,0
https://coursera.org/,0
https://apple.com/search,0
https://www.amazon.com/press,0
https://facebook.com/services,0
https://www.amazon.com/contact,0
https://www.techcrunch.com/help,0
https://booking.com/pricing,0
https://www.stripe.com/terms,0
https://www.udemy.com/features,0
https://discord.com/help,0
https://apple.com/press,0
https://wikipedia.org/faq,0
https://quora.com/api,0
https://ibm.com/services,0
https://www.techcrunch.com/api,0
https://dropbox.com/news,0
https://netflix.com/docs,0
https://twitch.tv/docs,0
https://apnews.com/products,0
https://reuters.com/products,0
https://www.cisco.com/docs,0
https://adobe.com/news,0
https://www.harvard.edu/team,0
https://ebay.com/,0
https://yahoo.com/services,0
https://ibm.com/events,0
https://www.quora.com/solutions,0
https://cnn.com/docs,0
https://bbc.com/blog,0
https://espn.com/services,0
https://booking.com/resources,0
https://apple.com/docs,0
https://www.cisco.com/faq,0
https://www.walmart.com/products,0
https://www.cnet.com/events,0
https://cloudflare.com/help,0
https://wikipedia.org/blog,0
https://nvidia.com/,0
https://theguardian.com/resources,0
https://amazon.com/support,0
https://ebay.com/api,0
https://medium.com/products,0
https://mit.edu/privacy,0
https://cisco.com/docs,0
https://paypal.com/careers,0
https://www.microsoft.com/pricing,0
https://apple.com/community,0
https://www.oracle.com/help,0
https://www.bbc.com/docs,0
https://www.amazon.com/resources,0
https://apnews.com/search,0
https://www.reuters.com/careers,0
https://linkedin.com/search,0
https://www.paypal.com/careers,0
https://espn.com/search,0
https://wordpress.com/help,0
https://www.nasa.gov/pricing,0
https://www.stripe.com/features,0
https://www.apnews.com/docs,0
https://digitalocean.com/careers,0
https://nytimes.com/privacy,0
https://google.com/resources,0
https://www.reddit.com/events,0
https://www.walmart.com/privacy,0
https://www.bing.com/resources,0
https://www.ibm.com/press,0
https://www.microsoft.com/news,0
https://www.nvidia.com/,0
https://www.yahoo.com/contact,0
https://www.pinterest.com/,0
https://arstechnica.com/features,0
https://google.com/news,0
https://www.amazon.com/services,0
https://wordpress.com/api,0
https://www.target.com/faq,0
https://www.bing.com/contact,0
https://pinterest.com/help,0
https://twitch.tv/privacy,0
https://www.paypal.com/solutions,0
https://salesforce.com/solutions,0
https://www.adobe.com/products,0
https://www.nvidia.com/help,0
https://www.booking.com/press,0
https://walmart.com/download,0
https://paypal.com/press,0
https://www.nvidia.com/terms,0
https://linkedin.com/support,0
https://www.instagram.com/services,0
https://www.cisco.com/about,0
https://www.cisco.com/team,0
https://cnet.com/resources,0
https://www.pinterest.com/about,0
https://wordpress.com/community,0
https://salesforce.com/docs,0
https://amazon.com/help,0
https://www.khanacademy.org/about,0
https://www.walmart.com/support,0
https://bbc.com/,0
https://cnn.com/support,0
https://www.target.com/,0
https://ebay.com/privacy,0
https://www.oracle.com/api,0
https://www.ebay.com/download,0
https://www.arstechnica.com/faq,0
https://shopify.com/faq,0
https://bing.com/help,0
https://nvidia.com/team,0
https://apnews.com/features,0
https://www.espn.com/docs,0
https://apple.com/resources,0
https://dropbox.com/blog,0
https://adobe.com/privacy,0
https://wired.com/terms,0
https://cisco.com/features,0
https://www.apnews.com/products,0
https://dropbox.com/solutions,0
https://stackoverflow.com/resources,0
https://wordpress.com/about,0
https://duckduckgo.com/pricing,0
https://cnn.com/search,0
https://www.theverge.com/docs,0
https://www.shopify.com/community,0
https://target.com/services,0
https://arstechnica.com/press,0
https://nvidia.com/faq,0
https://www.udemy.com/faq,0
https://www.booking.com/download,0
https://www.nytimes.com/features,0
https://www.google.com/privacy,0
https://booking.com/features,0
https://www.coursera.org/blog,0
https://www.netflix.com/search,0
https://adobe.com/about,0
https://www.linkedin.com/faq,0
https://www.wired.com/api,0
https://techcrunch.com/products,0
https://www.medium.com/search,0
https://apnews.com/privacy,0
https://slack.com/,0
https://target.com/features,0
https://www.amazon.com/features,0
https://www.quora.com/team,0
https://airbnb.com/contact,0
https://www.facebook.com/search,0
https://www.target.com/community,0
https://www.coursera.org/search,0
https://digitalocean.com/news,0
https://stackoverflow.com/products,0
https://www.twitch.tv/docs,0
https://www.dropbox.com/features,0
https://techcrunch.com/solutions,0
https://coursera.org/features,0
https://amazon.com/about,0
https://www.bestbuy.com/blog,0
https://www.nytimes.com/careers,0
https://www.ebay.com/press,0
https://youtube.com/products,0
https://www.wired.com/pricing,0
https://medium.com/about,0
https://www.intel.com/privacy,0
https://www.oracle.com/search,0
https://www.target.com/terms,0
https://www.bing.com/solutions,0
https://www.reddit.com/resources,0
https://www.pinterest.com/faq,0
https://booking.com/faq,0
https://twitter.com/help,0
https://google.com/products,0
https://amazon.com/,0
https://www.bbc.com/community,0
https://stackoverflow.com/blog,0
https://spotify.com/press,0
https://reuters.com/about,0
https://shopify.com/search,0
https://adobe.com/solutions,0
https://www.youtube.com/community,0
https://udemy.com/pricing,0
https://reddit.com/events,0
https://www.facebook.com/events,0
https://www.intel.com/terms,0
https://quora.com/blog,0
https://stripe.com/docs,0
https://twitch.tv/api,0
https://www.theverge.com/,0
https://www.reddit.com/features,0
https://www.harvard.edu/features,0
https://slack.com/blog,0
https://www.coursera.org/help,0
https://spotify.com/faq,0
https://wired.com/events,0
https://www.amazon.com/faq,0
https://www.intel.com/support,0
https://www.quora.com/terms,0
https://bestbuy.com/pricing,0
https://airbnb.com/products,0
https://zoom.us/blog,0
https://microsoft.com/terms,0
https://dropbox.com/events,0
https://stripe.com/press,0
https://medium.com/pricing,0
https://oracle.com/search,0
https://www.microsoft.com/community,0
https://pinterest.com/press,0
https://reddit.com/terms,0
https://www.mit.edu/events,0
https://target.com/faq,0
https://salesforce.com/features,0
https://www.twitter.com/careers,0
https://www.amazon.com/products,0
https://salesforce.com/terms,0
https://www.apnews.com/resources,0
https://www.adobe.com/resources,0
https://www.stanford.edu/news,0
https://www.reuters.com/services,0
https://www.reddit.com/solutions,0
https://www.medium.com/about,0
https://outlook.com/contact,0
https://www.github.com/community,0
https://www.booking.com/help,0
https://duckduckgo.com/search,0
https://nvidia.com/pricing,0
https://www.bbc.com/download,0
https://www.cnet.com/press,0
https://www.microsoft.com/privacy,0
https://www.spotify.com/support,0
https://nytimes.com/terms,0
https://cloudflare.com/team,0
https://apple.com/support,0
https://oracle.com/blog,0
https://www.harvard.edu/privacy,0
https://www.stackoverflow.com/help,0
https://www.stanford.edu/blog,0
https://coursera.org/events,0
https://theverge.com/careers,0
https://www.nasa.gov/terms,0
https://www.coursera.org/community,0
https://twitter.com/news,0
https://youtube.com/terms,0
https://www.apnews.com/terms,0
https://www.digitalocean.com/features,0
https://www.cnet.com/docs,0
https://techcrunch.com/about,0
https://www.twitter.com/search,0
https://www.paypal.com/community,0
https://zoom.us/solutions,0
https://www.stackoverflow.com/support,0
https://www.techcrunch.com/careers,0
https://duckduckgo.com/press,0
https://ebay.com/resources,0
https://www.slack.com/about,0
https://www.mit.edu/privacy,0
https://stripe.com/help,0
https://www.twitch.tv/blog,0
https://www.airbnb.com/download,0
https://www.microsoft.com/careers,0
https://khanacademy.org/events,0
https://www.intel.com/resources,0
https://www.youtube.com/help,0
https://arstechnica.com/careers,0
https://bestbuy.com/blog,0
https://cloudflare.com/solutions,0
https://www.medium.com/features,0
https://facebook.com/resources,0
https://www.facebook.com/solutions,0
https://www.walmart.com/faq,0
https://oracle.com/features,0
https://www.linkedin.com/support,0
https://walmart.com/community,0
https://www.adobe.com/community,0
https://www.walmart.com/solutions,0
https://booking.com/careers,0
https://www.digitalocean.com/news,0
https://www.medium.com/docs,0
https://www.ibm.com/events,0
https://wikipedia.org/api,0
https://www.spotify.com/privacy,0
https://wired.com/download,0
https://www.bestbuy.com/faq,0
https://walmart.com/search,0
https://www.youtube.com/features,0
https://www.udemy.com/support,0
https://reddit.com/about,0
https://www.twitter.com/terms,0
https://www.netflix.com/download,0
https://www.instagram.com/events,0
https://www.pinterest.com/press,0
https://netflix.com/help,0
https://khanacademy.org/search,0
https://www.reuters.com/contact,0
https://instagram.com/docs,0
https://google.com/contact,0
https://arstechnica.com/events,0
https://youtube.com/events,0
https://www.cloudflare.com/search,0
https://www.paypal.com/pricing,0
https://www.stripe.com/blog,0
https://www.khanacademy.org/features,0
https://www.cisco.com/solutions,0
https://coursera.org/api,0
https://adobe.com/resources,0
https://www.theverge.com/blog,0
https://www.booking.com/docs,0
https://techcrunch.com/help,0
https://www.ibm.com/terms,0
https://spotify.com/docs,0
https://www.stackoverflow.com/features,0
https://instagram.com/blog,0
https://www.bing.com/products,0
https://cnet.com/features,0
https://www.cnet.com/blog,0
https://facebook.com/help,0
https://www.nasa.gov/solutions,0
https://www.twitter.com/features,0
https://theguardian.com/download,0
https://www.oracle.com/about,0
https://www.bestbuy.com/search,0
https://www.shopify.com/search,0
https://coursera.org/search,0
https://github.com/docs,0
https://bestbuy.com/events,0
https://amazon.com/blog,0
https://theverge.com/privacy,0
https://wikipedia.org/resources,0
https://www.salesforce.com/features,0
https://www.twitch.tv/products,0
https://cnet.com/contact,0
https://bing.com/press,0
https://airbnb.com/support,0
https://paypal.com/about,0
https://google.com/press,0
https://www.arstechnica.com/blog,0
https://www.dropbox.com/search,0
https://spotify.com/team,0
https://www.facebook.com/api,0
https://www.discord.com/services,0
https://paypal.com/search,0
https://google.com/services,0
https://www.wikipedia.org/api,0
https://spotify.com/careers,0
https://pinterest.com/support,0
https://www.intel.com/events,0
https://arstechnica.com/news,0
https://www.bbc.com/blog,0
https://shopify.com/support,0
https://outlook.com/terms,0
https://www.theguardian.com/solutions,0
https://harvard.edu/,0
https://github.com/solutions,0
https://coursera.org/support,0
https://shopify.com/features,0
https://www.bing.com/team,0
https://khanacademy.org/resources,0
https://www.airbnb.com/help,0
https://www.pinterest.com/events,0
https://www.khanacademy.org/solutions,0
https://www.microsoft.com/services,0
https://dropbox.com/docs,0
https://apple.com/events,0
https://harvard.edu/api,0
https://www.microsoft.com/download,0
https://wikipedia.org/search,0
https://www.wikipedia.org/services,0
https://techcrunch.com/terms,0
https://www.cloudflare.com/careers,0
https://www.bing.com/api,0
https://www.shopify.com/,0
https://www.google.com/help,0
https://www.harvard.edu/products,0
https://www.instagram.com/contact,0
https://www.youtube.com/press,0
https://www.techcrunch.com/events,0
https://airbnb.com/docs,0
https://udemy.com/community,0
https://duckduckgo.com/community,0
https://oracle.com/docs,0
https://adobe.com/press,0
https://www.instagram.com/search,0
https://www.bbc.com/solutions,0
https://www.google.com/search,0
https://www.techcrunch.com/pricing,0
https://www.amazon.com/privacy,0
https://www.booking.com/resources,0
https://stripe.com/about,0
https://mit.edu/careers,0
https://www.slack.com/support,0
https://udemy.com/faq,0
https://paypal.com/solutions,0
https://nytimes.com/download,0
https://netflix.com/press,0
https://www.reddit.com/careers,0
https://techcrunch.com/press,0
https://www.bing.com/support,0
https://amazon.com/community,0
https://www.instagram.com/help,0
https://www.stackoverflow.com/solutions,0
https://espn.com/features,0
https://google.com/solutions,0
https://nytimes.com/docs,0
https://www.wordpress.com/faq,0
https://discord.com/community,0
https://www.netflix.com/services,0
https://arstechnica.com/about,0
https://outlook.com/press,0
https://www.salesforce.com/search,0
https://facebook.com/docs,0
https://www.nasa.gov/events,0
https://www.duckduckgo.com/download,0
https://harvard.edu/press,0
https://target.com/help,0
https://www.dropbox.com/,0
https://www.apnews.com/press,0
https://www.stanford.edu/press,0
https://www.linkedin.com/products,0
https://www.bing.com/privacy,0
https://www.reddit.com/blog,0
https://www.twitch.tv/faq,0
https://oracle.com/team,0
https://www.zoom.us/help,0
https://espn.com/api,0
https://wordpress.com/team,0
https://walmart.com/careers,0
https://pinterest.com/solutions,0
https://www.digitalocean.com/resources,0
https://www.shopify.com/privacy,0
https://instagram.com/search,0
https://reuters.com/support,0
https://www.bestbuy.com/events,0
https://www.quora.com/services,0
https://www.khanacademy.org/news,0
https://www.reddit.com/support,0
https://duckduckgo.com/,0
https://dropbox.com/features,0
https://www.spotify.com/services,0
https://www.bbc.com/privacy,0
https://www.instagram.com/community,0
https://www.espn.com/services,0
https://wikipedia.org/help,0
https://bing.com/careers,0
https://www.intel.com/about,0
https://www.slack.com/help,0
https://www.yahoo.com/privacy,0
https://www.harvard.edu/blog,0
https://apple.com/blog,0
https://nasa.gov/api,0
https://www.mit.edu/blog,0
https://intel.com/careers,0
https://www.twitter.com/privacy,0
https://stripe.com/contact,0
https://instagram.com/team,0
https://www.udemy.com/download,0
https://twitter.com/products,0
https://twitter.com/faq,0
https://theverge.com/help,0
https://udemy.com/solutions,0
https://www.theguardian.com/press,0
https://youtube.com/help,0
https://harvard.edu/search,0
https://medium.com/team,0
https://instagram.com/careers,0
https://linkedin.com/contact,0
https://apnews.com/solutions,0
https://www.apnews.com/pricing,0
https://yahoo.com/resources,0
https://theguardian.com/search,0
https://www.cnn.com/api,0
https://microsoft.com/faq,0
https://www.quora.com/careers,0
https://walmart.com/team,0
https://www.adobe.com/privacy,0
https://wordpress.com/faq,0
https://www.airbnb.com/api,0
https://www.udemy.com/careers,0
https://www.zoom.us/community,0
https://pinterest.com/download,0
https://cnn.com/resources,0
https://www.cnn.com/,0
https://outlook.com/support,0
https://www.amazon.com/community,0
https://www.arstechnica.com/community,0
https://instagram.com/community,0
https://apple.com/privacy,0
https://cloudflare.com/privacy,0
https://khanacademy.org/contact,0
https://www.cnn.com/help,0
https://www.reuters.com/faq,0
https://mit.edu/news,0
https://www.bestbuy.com/download,0
https://linkedin.com/solutions,0
https://www.arstechnica.com/about,0
https://www.twitch.tv/community,0
https://www.walmart.com/community,0
https://walmart.com/help,0
https://apnews.com/resources,0
https://www.stanford.edu/pricing,0
https://www.microsoft.com/products,0
https://www.digitalocean.com/api,0
https://www.reddit.com/community,0
https://linkedin.com/faq,0
https://twitter.com/terms,0
https://google.com/events,0
https://bestbuy.com/services,0
https://nytimes.com/press,0
https://www.cisco.com/events,0
https://arstechnica.com/team,0
https://cnn.com/contact,0
https://bbc.com/news,0
https://netflix.com/,0
https://intel.com/contact,0
https://www.bbc.com/search,0
https://digitalocean.com/community,0
https://www.nvidia.com/community,0
https://www.facebook.com/press,0
https://facebook.com/events,0
https://khanacademy.org/,0
https://quora.com/careers,0
https://www.duckduckgo.com/solutions,0
https://www.nasa.gov/team,0
https://www.wordpress.com/contact,0
https://www.salesforce.com/contact,0
https://www.cnn.com/team,0
https://www.adobe.com/services,0
https://google.com/careers,0
https://walmart.com/events,0
https://www.harvard.edu/resources,0
https://www.linkedin.com/blog,0
https://www.harvard.edu/services,0
https://www.ebay.com/,0
https://pinterest.com/community,0
https://shopify.com/solutions,0
https://www.cisco.com/terms,0
https://www.apple.com/contact,0
https://www.pinterest.com/careers,0
https://www.zoom.us/terms,0
https://www.outlook.com/services,0
https://www.salesforce.com/privacy,0
https://www.outlook.com/api,0
https://apnews.com/docs,0
https://google.com/terms,0
https://duckduckgo.com/download,0
https://www.microsoft.com/search,0
https://www.twitter.com/services,0
https://www.duckduckgo.com/search,0
https://www.amazon.com/blog,0
https://twitch.tv/resources,0
https://www.stripe.com/careers,0
https://digitalocean.com/contact,0
https://nasa.gov/search,0
https://nytimes.com/,0
https://digitalocean.com/blog,0
https://coursera.org/resources,0
https://espn.com/support,0
https://espn.com/download,0
https://wired.com/,0
https://udemy.com/services,0
https://microsoft.com/events,0
https://apnews.com/community,0
https://zoom.us/api,0
https://www.adobe.com/team,0
https://quora.com/community,0
https://www.apnews.com/support,0
https://www.instagram.com/resources,0
https://dropbox.com/support,0
https://yahoo.com/press,0
https://www.quora.com/news,0
https://www.amazon.com/docs,0
https://www.twitter.com/blog,0
https://www.medium.com/help,0
https://www.bestbuy.com/,0
https://cisco.com/news,0
https://www.udemy.com/community,0
https://udemy.com/products,0
https://cnet.com/careers,0
https://www.dropbox.com/docs,0
https://www.adobe.com/contact,0
https://www.yahoo.com/blog,0
https://www.apnews.com/,0
https://zoom.us/about,0
https://www.espn.com/terms,0
https://digitalocean.com/features,0
https://www.netflix.com/products,0
https://paypal.com/pricing,0
https://techcrunch.com/faq,0
https://www.wikipedia.org/pricing,0
https://ebay.com/team,0
https://www.coursera.org/careers,0
https://bbc.com/resources,0
https://www.slack.com/pricing,0
https://nasa.gov/news,0
https://stackoverflow.com/press,0
https://www.github.com/search,0
https://www.linkedin.com/help,0
https://www.slack.com/features,0
https://www.techcrunch.com/news,0
https://www.oracle.com/privacy,0
https://www.bestbuy.com/privacy,0
https://www.microsoft.com/contact,0
https://apple.com/,0
https://www.theguardian.com/community,0
https://www.salesforce.com/api,0
https://www.walmart.com/features,0
https://spotify.com/,0
https://yahoo.com/,0
https://www.adobe.com/press,0
https://www.ibm.com/products,0
https://digitalocean.com/privacy,0
https://www.harvard.edu/contact,0
https://www.amazon.com/careers,0
https://www.cnet.com/contact,0
https://www.digitalocean.com/team,0
https://cnn.com/help,0
https://www.apple.com/community,0
https://www.wordpress.com/solutions,0
https://khanacademy.org/careers,0
https://adobe.com/events,0
https://pinterest.com/terms,0
https://www.quora.com/download,0
https://zoom.us/contact,0
https://www.stanford.edu/contact,0
https://cnn.com/faq,0
https://apnews.com/download,0
https://khanacademy.org/team,0
https://techcrunch.com/community,0
https://adobe.com/blog,0
https://www.khanacademy.org/download,0
https://www.cnet.com/support,0
https://reuters.com/features,0
https://slack.com/docs,0
https://coursera.org/faq,0
https://stackoverflow.com/about,0
https://airbnb.com/press,0
https://harvard.edu/faq,0
https://microsoft.com/team,0
https://www.paypal.com/news,0
https://bestbuy.com/download,0
https://booking.com/privacy,0
https://www.mit.edu/solutions,0
https://www.instagram.com/careers,0
https://www.cloudflare.com/faq,0
https://medium.com/resources,0
https://stackoverflow.com/docs,0
https://www.amazon.com/pricing,0
https://www.paypal.com/features,0
https://www.medium.com/support,0
https://www.theguardian.com/,0
https://google.com/privacy,0
https://www.microsoft.com/api,0
https://salesforce.com/faq,0
https://salesforce.com/services,0
https://walmart.com/support,0
https://www.airbnb.com/support,0
https://slack.com/contact,0
https://reuters.com/events,0
https://facebook.com/news,0
https://www.digitalocean.com/download,0
https://ibm.com/contact,0
https://ibm.com/solutions,0
https://www.github.com/api,0
https://www.stripe.com/,0
https://www.pinterest.com/news,0
https://www.theguardian.com/products,0
https://arstechnica.com/privacy,0
https://www.netflix.com/terms,0
https://www.coursera.org/api,0
https://www.linkedin.com/events,0
https://github.com/news,0
https://www.zoom.us/events,0
https://www.wikipedia.org/products,0
https://www.apple.com/products,0
https://cloudflare.com/events,0
https://www.booking.com/pricing,0
https://theverge.com/team,0
https://adobe.com/api,0
https://www.bestbuy.com/services,0
https://www.apnews.com/help,0
https://www.bing.com/faq,0
https://www.salesforce.com/blog,0
https://wired.com/products,0
https://www.slack.com/news,0
https://www.cloudflare.com/products,0
https://www.target.com/events,0
https://www.walmart.com/news,0
https://theverge.com/community,0
https://www.zoom.us/blog,0
https://quora.com/services,0
https://cloudflare.com/contact,0
https://bing.com/about,0
https://www.digitalocean.com/blog,0
https://www.booking.com/solutions,0
https://ibm.com/faq,0
https://bing.com/blog,0
https://www.digitalocean.com/solutions,0
https://www.intel.com/services,0
https://stackoverflow.com/download,0
https://intel.com/products,0
https://adobe.com/services,0
https://nvidia.com/features,0
https://nvidia.com/api,0
https://walmart.com/pricing,0
https://www.stripe.com/team,0
https://bbc.com/services,0
https://yahoo.com/api,0
https://arstechnica.com/api,0
https://oracle.com/,0
https://twitch.tv/contact,0
https://www.cloudflare.com/resources,0
https://instagram.com/contact,0
https://adobe.com/pricing,0
https://airbnb.com/api,0
https://www.pinterest.com/terms,0
https://yahoo.com/search,0
https://stanford.edu/solutions,0
https://cnn.com/press,0
https://nasa.gov/products,0
https://www.linkedin.com/services,0
https://shopify.com/careers,0
https://www.stanford.edu/solutions,0
https://stripe.com/team,0
https://medium.com/contact,0
https://nvidia.com/news,0
https://techcrunch.com/team,0
https://theguardian.com/news,0
https://www.shopify.com/support,0
https://udemy.com/privacy,0
https://www.wikipedia.org/faq,0
https://nvidia.com/events,0
https://www.nvidia.com/contact,0
https://wikipedia.org/community,0
https://www.google.com/careers,0
https://techcrunch.com/,0
https://discord.com/events,0
https://www.espn.com/privacy,0
https://www.netflix.com/features,0
https://www.github.com/pricing,0
https://salesforce.com/community,0
https://intel.com/,0
https://www.harvard.edu/about,0
https://www.theverge.com/press,0
https://coursera.org/blog,0
https://salesforce.com/privacy,0
https://www.reuters.com/api,0
https://www.coursera.org/terms,0
https://facebook.com/api,0
https://www.airbnb.com/community,0
https://yahoo.com/terms,0
https://www.airbnb.com/contact,0
https://ebay.com/news,0
https://theverge.com/services,0
https://ebay.com/careers,0
https://www.twitter.com/pricing,0
https://duckduckgo.com/features,0
https://www.shopify.com/products,0
https://github.com/careers,0
https://stackoverflow.com/support,0
https://www.duckduckgo.com/faq,0
https://www.twitter.com/api,0
https://amazon.com/services,0
https://www.wikipedia.org/contact,0
https://www.zoom.us/features,0
https://www.medium.com/download,0
https://www.linkedin.com/pricing,0
https://apple.com/news,0
https://www.cloudflare.com/help,0
https://dropbox.com/resources,0
https://yahoo.com/community,0
https://www.arstechnica.com/careers,0
https://pinterest.com/,0
https://www.mit.edu/search,0
https://www.bing.com/community,0
https://paypal.com/faq,0
https://paypal.com/products,0
https://nytimes.com/news,0
https://www.udemy.com/api,0
https://youtube.com/privacy,0
https://www.spotify.com/pricing,0
https://www.theguardian.com/download,0
https://www.outlook.com/community,0
https://www.walmart.com/press,0
https://youtube.com/news,0
https://www.nytimes.com/pricing,0
https://www.amazon.com/news,0
https://stackoverflow.com/pricing,0
https://www.pinterest.com/privacy,0
https://www.cnn.com/pricing,0
https://cloudflare.com/products,0
https://www.yahoo.com/resources,0
https://www.paypal.com/press,0
https://www.adobe.com/pricing,0
https://www.amazon.com/download,0
https://medium.com/features,0
https://ibm.com/blog,0
https://www.netflix.com/contact,0
https://quora.com/download,0
https://www.walmart.com/download,0
https://www.stripe.com/contact,0
https://www.cnet.com/pricing,0
https://www.bestbuy.com/terms,0
https://www.bing.com/docs,0
https://reuters.com/terms,0
https://amazon.com/pricing,0
https://paypal.com/download,0
https://www.wordpress.com/services,0
https://www.stripe.com/pricing,0
https://udemy.com/team,0
https://outlook.com/features,0
https://www.stripe.com/download,0
https://airbnb.com/features,0
https://www.discord.com/blog,0
https://netflix.com/products,0
https://harvard.edu/support,0
https://salesforce.com/resources,0
https://www.nvidia.com/docs,0
https://instagram.com/products,0
